qname,tname,candidate length,MI BLAST,MIII BLAST,MV BLAST,candidate CQ,contig CQ,contig allocation,DEA p-value,BLAST,STATUS
TRINITY_DN11704_c0_g1_i3,tig00009209,3357,0.976764969,0.934465296,0.675305332,0,0.464252288,2L,1.72925E-07,"apoptosis inhibitor 5 homolog (LOC101898195), mRNA",new primer needed
TRINITY_DN1065_c1_g1_i5,tig00008671,5089,0.980349774,0.970131657,0.971900177,0.520287419,1.099062136,3L,4.06134E-14,Musca domestica protein Smaug (LOC101894830),
TRINITY_DN66_c0_g1_i3,tig00004106,4281,0.979444055,0.887409484,0.894884373,0.494809057,0.713878809,3L,2.39004E-12,Musca domestica zinc finger protein on ecdysone puffs (LOC101892708),
TRINITY_DN1720_c0_g1_i2,tig00002755,3327,0.520589119,0.503155996,0.525999399,0.499749888,0.826040599,2R,2.97415E-12,"SRSF protein kinase 1 (LOC101899337), mRNA",
TRINITY_DN4204_c0_g1_i2,tig00008678,3671,0.98420049,0.861073277,0.861073277,1.054600859,0.603393496,3L,1.43342E-11,"protein wntless (LOC101898810), mRNA",
TRINITY_DN106_c1_g1_i1,tig00009277,4523,0.911563122,0.806986513,0.802343577,0.462658035,0.9385909,3L,2.8497E-11,chromodomain-helicase-DNA-binding protein Mi-2 homolog (LOC101901187),
TRINITY_DN1528_c0_g1_i5,tig00009349,2667,0.90776153,0.889388826,0.924259468,1.497626644,0.947465107,X,3.2282E-11,"dynein light chain 2, cytoplasmic (LOC10190100)",
TRINITY_DN1956_c0_g1_i9,tig00009277,6394,0.722552393,0.648889584,0.645918048,0.194491694,0.9385909,3L,7.82727E-11,ATP-dependent helicase brm (LOC101888641),
TRINITY_DN16520_c0_g1_i2,tig00001850,3223,0.9525287,0.766987279,0.804219671,0.345371556,0.639752494,3L,8.37576E-11,Golgi reassembly-stacking protein 2,
TRINITY_DN16520_c0_g1_i2,tig00001851,3223,0.9525287,0.766987279,0.804219671,0.345371556,0.871608309,3L,8.37576E-11,Golgi reassembly-stacking protein 2,
TRINITY_DN16520_c0_g1_i2,tig00008723,3223,0.9525287,0.766987279,0.804219671,0.345371556,0.934914757,3L,8.37576E-11,Golgi reassembly-stacking protein 2,
TRINITY_DN251_c0_g1_i5,tig00003995,2748,0.959970888,0.849344978,0.898835517,0.429990344,0.670992389,3L,1.15953E-10,40S ribosomal protein S3a (LOC101892236),
TRINITY_DN2945_c0_g1_i6,tig00002955,944,0.881355932,0.888771186,0.799788136,0.455510658,0.610327367,NALL,1.34308E-10,uncharacterized (LOC105261590),
TRINITY_DN2945_c0_g1_i6,tig00009349,944,0.881355932,0.888771186,0.799788136,0.455510658,0.947465107,X,1.34308E-10,uncharacterized (LOC105261590),
TRINITY_DN2910_c0_g1_i10,tig00008496,9486,0.983870968,0.983765549,0.983343875,0.634594534,0.766581339,X,3.13706E-10,putative leucine-rich repeat-containing protein DDB_G0290503 (LOC101889747),
TRINITY_DN1636_c0_g1_i9,tig00008895,3181,0.959761081,0.850047155,0.958503615,0.472396024,0.803894194,3R,3.20956E-10,glycine-rich cell wall structural protein 1 (LOC101889452),
TRINITY_DN1379_c0_g1_i1,tig00008677,1547,0.886877828,0.886877828,0.492566257,0.847970799,1.294699771,3L,5.25032E-10,ubiquitin carboxyl-terminal hydrolase isozyme L5 (LOC101888398),
TRINITY_DN1528_c0_g1_i12,tig00009349,2749,0.909785377,0.891960713,0.924336122,2.193011161,0.947465107,X,7.02061E-10,"dynein light chain 2, cytoplasmic (LOC10190100)",
TRINITY_DN2601_c0_g1_i8,tig00009349,1990,0.977386935,0.938693467,0.914572864,0.293921382,0.947465107,X,7.62634E-10,homeobox protein extradenticle (LOC101891714),
TRINITY_DN3579_c0_g1_i12,tig00003713,2546,0.987824038,0.985860173,0.987824038,1.006198445,1.032003771,3L,9.71944E-10,ribose-phosphate pyrophosphokinase1 (LOC101893257),
TRINITY_DN1283_c0_g1_i3,tig00005443,1317,0.9476082,0.841305998,0.815489749,0.216614302,0.52161805,2R,1.27675E-09,peptidyl-propyl cis-trans isomerase 5 (LOC101890017),
TRINITY_DN1677_c0_g2_i6,tig00009277,3655,0.984131327,0.859097127,0.737619699,0.275495891,0.9385909,3L,1.60495E-09,RNA-binding protein lark (LOC101896986),
TRINITY_DN1461_c1_g1_i3,tig00008671,7372,0.899213239,0.710933261,0.710933261,0.604197472,1.099062136,3L,1.68588E-09,division abnormally delayed protein (LOC101898792),
TRINITY_DN2066_c0_g1_i1,tig00009276,2530,0.978656126,0.932411067,0.834782609,0.604110435,0.534548557,3L,1.87453E-09,UPF0489 protein C5orf22 (LOC101893302),
TRINITY_DN29136_c0_g1_i4,tig00001516,421,0.793349169,0.793349169,0.712589074,0,1.211751033,3L,1.96056E-09,40S ribosomal protein S9 (LOC101889474),
TRINITY_DN6169_c0_g1_i1,tig00009683,1353,0.657797487,0.092387288,0.619364375,3.364897246,0.79411402,3L,3.65039E-09,no significant similarity,
TRINITY_DN1348_c0_g1_i10,tig00008669,2779,0.554875855,0.549118388,0.549118388,0.504434227,1.288581533,3L,3.66383E-09,zinc finger protein CG2199 (LOC101899307),
TRINITY_DN1567_c0_g1_i3,tig00004066,1455,0.905841924,0.700343643,0.710652921,0,0.102313452,2L,4.43711E-06,speckle-type POZ protein-like (LOC101893944),new primer needed
TRINITY_DN22631_c0_g1_i1,tig00009206,1541,0.996755354,0.593770279,0.576898118,0,0.318861575,2L,3.89647E-05,protein sax-3 (LOC101898311),not in all males
TRINITY_DN3049_c0_g1_i3,tig00008497,1972,0.962474645,0.94168357,0.854969574,0.372613141,1.230632169,X,3.93097E-09,dual specificity mitogen-activated protein kinase kinase 3 (LOC101897152),
TRINITY_DN270_c0_g1_i7,tig00002523,3527,0.973631982,0.94669691,0.94669691,0.644280475,1.127437736,3L,4.31719E-09,eukaryotic translation initiation factor 4E (LOC101895749),
TRINITY_DN6952_c0_g1_i3,tig00008671,2306,0.988725065,0.972246314,0.972246314,0.413278758,1.099062136,3L,8.41018E-09,protein phosphatase methylesterase (LOC101894178),
TRINITY_DN6952_c0_g1_i3,tig00001558,2306,0.988725065,0.972246314,0.972246314,0.413278758,1.324010916,NALL,8.41018E-09,protein phosphatase methylesterase (LOC101894178),
TRINITY_DN2945_c0_g1_i1,tig00002955,813,0.93603936,0.93603936,0.776137761,0,0.610327367,NALL,2.72599E-08,uncharacterized (LOC105261590),not in all males
TRINITY_DN3772_c1_g1_i4,tig00003905,1293,0.974477958,0.90641918,0.899458623,0.864307951,0.685799828,3L,9.33067E-09,RNA-binding protein Rsf1 (LOC101893737) ,
TRINITY_DN3808_c0_g1_i7,tig00009367,882,0.937641723,0.937641723,0.802721088,0,0.505231852,2L,2.96001E-05,uncharacterized (LOC101890890),new primer needed
TRINITY_DN6618_c0_g1_i2,tig00004362,1875,0.9664,0.938133333,0.939733333,0.471710395,10.24839366,3L,1.07159E-08,regulation of nuclear pre-mRNA somain-containing protein 1B (LOC101898233),
TRINITY_DN1941_c0_g1_i10,tig00008665,1134,0.894179894,0.611111111,0.614638448,1.749008544,1.812166525,X,1.09636E-08,uncharacterized (LOC109613826),
TRINITY_DN2311_c0_g1_i13,tig00009712,7597,0.982887982,0.938791628,0.93905489,0.251883562,0.852849751,3R,1.29111E-08,uncharacterized (LOC101894417),
TRINITY_DN5401_c0_g1_i1,tig00001547,3571,0.972556707,0.757490899,0.756930832,0.893995598,1.095140454,NALL,1.36153E-08,F-box only protein 33 (LOC101896275),
TRINITY_DN5401_c0_g1_i1,tig00008671,3571,0.972556707,0.757490899,0.756930832,0.893995598,1.099062136,3L,1.36153E-08,F-box only protein 33 (LOC101896275),
TRINITY_DN349_c0_g1_i2,tig00002235,2495,0.907815631,0.891382766,0.891783567,0.58419445,0.571189271,3R,1.37004E-08,protein pellino (LOC101889032),
TRINITY_DN5133_c0_g1_i2,tig00006707,1392,0.92816092,0.92816092,0.92816092,0.454637888,0.814445367,NALL,1.38347E-08,"39S ribosomal protein L39, mitochondrial (LOC101893812)",
TRINITY_DN106_c0_g1_i5,tig00009154,4264,0.596857411,0.556050657,0.553470919,0.784980067,0.795643499,X,1.40481E-08,chromodomain-helicase-DNA-binding protein Mi-2 homolog (LOC101901187),
TRINITY_DN1156_c0_g1_i5,tig00003905,5766,0.973812001,0.852410683,0.853104405,0.23503289,0.685799828,3L,1.50286E-08,serine/threonine-protein kinase PITSLRE (LOC101897978),
TRINITY_DN2915_c0_g1_i2,tig00004113,1140,0.928947368,0.733333333,0.771052632,0.837320161,0.144182936,NALL,1.63068E-08,"NADH dehydrogenase 1 beta subcomplex subunit 8, mitochondrial (LOC101898497)",
TRINITY_DN2915_c0_g1_i2,tig00008721,1140,0.928947368,0.733333333,0.771052632,0.837320161,0.372480466,X,1.63068E-08,"NADH dehydrogenase 1 beta subcomplex subunit 8, mitochondrial (LOC101898497)",
TRINITY_DN504_c0_g1_i4,tig00008813,4755,0.96466877,0.875289169,0.876130389,0.475086274,1.193371403,3L,1.87536E-08,tyrosine-protein kinase Src64B (LOC101901281),
TRINITY_DN4371_c0_g1_i6,tig00008723,3706,0.964651916,0.95412844,0.918240691,0.425725644,0.934914757,3L,1.89428E-08,nucleolar and coiled-body phosphoprotein 1 (LOC105262084),
TRINITY_DN4884_c0_g1_i2,tig00004964,860,0.819767442,0.726744186,0.887209302,2.74773928,0.506783407,X,2.01743E-08,probable small nuclear ribonucleoprotein G,
TRINITY_DN4884_c0_g1_i2,tig00009952,860,0.819767442,0.726744186,0.887209302,2.74773928,0.722397898,X,2.01743E-08,probable small nuclear ribonucleoprotein G,
TRINITY_DN20545_c0_g1_i7,tig00009560,679,0.908689249,0.833578792,0.874815906,1.724369421,0.829723541,2L,2.3636E-08,no significant similarity,
TRINITY_DN367_c0_g2_i8,tig00008671,8924,0.950470641,0.942962797,0.936463469,0.458215621,1.099062136,3L,2.44099E-08,homeodomain-interacting protein kinase 2 (LOC101891841),
TRINITY_DN1271_c0_g1_i8,tig00008497,6034,0.965197216,0.80228704,0.800464037,0.211094053,1.230632169,X,2.54251E-08,zinc finger matrin-type protein CG9776 (LOC101895911),
TRINITY_DN428_c0_g1_i6,tig00009209,1916,0.916492693,0.901356994,0.610125261,0,0.464252288,2L,5.81149E-06,uncharacterized (LOC101897928),new primer needed
TRINITY_DN2945_c0_g1_i1,tig00009349,813,0.93603936,0.93603936,0.776137761,0,0.947465107,X,2.72599E-08,uncharacterized (LOC105261590),
TRINITY_DN3261_c0_g1_i4,tig00004202,1987,0.903875189,0.788626069,0.747861097,1.124359062,1.176106705,X,2.9283E-08,UV excision repair protein RAD23 homolog A (LOC101894253),
TRINITY_DN2292_c0_g1_i5,tig00003766,2640,0.966666667,0.809090909,0.686742424,0.555116231,0.451436949,NALL,3.15443E-08,RNA-binding protein 34 (LOC101899583),
TRINITY_DN307_c0_g1_i4,tig00008721,2908,0.941540578,0.814305365,0.846629986,0.888468687,0.372480466,X,3.46308E-08,protein DDI1 homolog 2 (LOC101892069),
TRINITY_DN1100_c0_g1_i3,tig00008679,731,0.599179207,0.599179207,0.599179207,1.664395928,0.449520745,3L,3.72255E-08,ubiquitin-related modifier 1 homolog (LOC101891173),
TRINITY_DN166_c0_g2_i11,tig00003344,4020,0.804477612,0.744278607,0.812935323,0.442715587,1.018337676,2L,3.76678E-08,serine/threonine-protein kinase grp (LOC101891848),
TRINITY_DN39339_c3_g1_i2,tig00009367,1717,0.997087944,0.217239371,0.036109493,0.00262532,0.505231852,2L,9.83495E-05,no significant similarity,good candidate: SAM
TRINITY_DN670_c0_g1_i16,tig00001849,3233,0.98731828,0.979585524,0.983297247,0.322617518,1.168900499,3L,4.14113E-08,MOXD1 homolog 2 (LOC101901481),
TRINITY_DN1890_c0_g1_i5,tig00009277,5071,0.954644054,0.834746598,0.837507395,0.157873356,0.9385909,3L,4.4387E-08,E3 ubiquitin-protein ligase mind-bomb (LOC101890590),
TRINITY_DN411_c0_g1_i2,tig00008677,2629,0.89958159,0.89958159,0.897299353,0.405557619,1.294699771,3L,4.55735E-08,putative uncharacterized protein DDB_G0289263 (LOC101897055),
TRINITY_DN1956_c0_g1_i7,tig00009277,6397,0.710958262,0.641081757,0.646709395,0.181925747,0.9385909,3L,5.24007E-08,ATP-dependent helicase brm (LOC101888641),
TRINITY_DN5059_c0_g1_i1,tig00003381,861,0.991869919,0.554006969,0.528455285,0.007836608,0.210188617,2L,2.97917E-05,transmembrane protein 104 homolog (LOC101887604),new primer needed
TRINITY_DN3_c0_g3_i2,tig00009360,12554,0.536004461,0.513860124,0.509956986,0.434006484,0.669658595,3R,5.67178E-08,zinc finger MYM-type protein 3 (LOC101900207),
TRINITY_DN549_c0_g1_i2,tig00009291,4907,0.993886285,0.747503566,0.748318728,0.257168017,0.347880362,3L,5.7097E-08,"probable E3 ubiquitin-protein ligase makorin-1 (LOC101889382), mRNA",
TRINITY_DN549_c0_g1_i2,tig00009277,4907,0.993886285,0.747503566,0.748318728,0.257168017,0.9385909,3L,5.7097E-08,"probable E3 ubiquitin-protein ligase makorin-1 (LOC101889382), mRNA",
TRINITY_DN1600_c0_g1_i4,tig00004794,2411,0.937785151,0.888013273,0.885109913,0.501555369,0.905441947,3L,5.77934E-08,isocitrate dehydrogenase (NADP) cytoplasmic (LOC101889639),
TRINITY_DN867_c0_g1_i12,tig00005138,3226,0.858958462,0.845939244,0.843769374,0.394799107,0.543161191,NALL,5.85683E-08,zinc finger protein 37 (LOC101897365),
TRINITY_DN5265_c0_g1_i7,tig00004463,5967,0.948382772,0.902631138,0.847662142,0.500101383,1.842096315,X,6.0302E-08,uncharacterized (LOC101893736),
TRINITY_DN2803_c0_g1_i3,tig00009461,3329,0.969660559,0.872334034,0.962451187,0.775751145,0.812687565,2R,6.11057E-08,putative helicase mov-10-B.1 (LOC101891143),
TRINITY_DN644_c0_g1_i25,tig00008497,5120,0.982617188,0.733789063,0.899609375,0.531802134,1.230632169,X,6.48814E-08,uncharacterized (LOC101888725),
TRINITY_DN3617_c0_g1_i3,tig00003330,2701,0.890040726,0.858200666,0.881895594,0.352837046,0.539851546,NALL,6.94814E-08,protein ERGIC-53 (LOC101890700),
TRINITY_DN3617_c0_g1_i3,tig00003289,2701,0.890040726,0.858200666,0.881895594,0.352837046,0.688709206,3L,6.94814E-08,protein ERGIC-53 (LOC101890700),
TRINITY_DN2761_c0_g1_i1,tig00008723,1947,0.9470981,0.756548536,0.756548536,0.243399729,0.934914757,3L,7.53956E-08,"protein terminus-like (LOC101897140), mRNA",
TRINITY_DN295_c0_g1_i2,tig00002463,1311,0.82532418,0.73150267,0.817696415,0.825955243,0.301915396,2L,7.74661E-08,probable DNA replication complex GINS protein PSF2 (LOC101888389),
TRINITY_DN1015_c0_g1_i6,tig00008812,4665,0.975562701,0.92454448,0.923043944,0.392797215,0.903854856,3L,8.10682E-08,splicing factor 3B subunit 3 (LOC101899200),
TRINITY_DN1600_c0_g1_i1,tig00004794,2071,0.969097055,0.913085466,0.953645582,0.317768629,0.905441947,3L,8.53778E-08,isocitrate dehydrogenase (NADP) cytoplasmic (LOC101889639),
TRINITY_DN11553_c0_g1_i1,tig00009658,1290,0.627906977,0.849612403,0.558139535,0.485246597,0.935747522,2L,8.74101E-08,heat shock factor-binding protein 1 (LOC101895324),
TRINITY_DN468_c0_g2_i2,tig00002974,3208,0.712281796,0.659289277,0.663341646,0.353228638,0.494745005,NALL,9.66385E-08,no significant similarity,
TRINITY_DN468_c0_g2_i2,tig00009349,3208,0.712281796,0.659289277,0.663341646,0.353228638,0.947465107,X,9.66385E-08,no significant similarity,
TRINITY_DN2681_c0_g2_i1,tig00003713,869,0.905638665,0.905638665,0.905638665,0.286863658,1.032003771,3L,9.89874E-08,MIP18 family protein CG7949 (LOC101897065),
TRINITY_DN749_c0_g1_i9,tig00003344,4702,0.913015738,0.791365376,0.762866865,0.052503321,1.018337676,2L,5.77122E-05,bone morphogenetic protein receptor type-1B (LOC101900564),new primer needed
TRINITY_DN2211_c0_g1_i7,tig00009716,5439,0.935098364,0.759330759,0.676227248,0.107194187,0.870386118,3L,1.03254E-07,neurotactin (LOC101888473),
TRINITY_DN382_c0_g1_i3,tig00009256,2627,0.874000761,0.795964979,0.816901408,0.673043469,1.203487719,2L,1.07008E-07,sodium/potassium-transporting ATPase subunit beta-2 (LOC101900393),
TRINITY_DN862_c0_g1_i1,tig00008671,5220,0.770114943,0.693869732,0.693869732,0.794942182,1.099062136,3L,1.09011E-07,ubiquitin-protein ligase E3B (LOC101897583),
TRINITY_DN1114_c0_g1_i5,tig00003905,4828,0.825807788,0.925020713,0.783554267,0.323108413,0.685799828,3L,1.0967E-07,microtubule-associated serine/threonine-protein kinase 4 (LOC101892827),
TRINITY_DN1600_c0_g1_i3,tig00004794,2392,0.951086957,0.898829431,0.878344482,0.386050017,0.905441947,3L,1.11286E-07,isocitrate dehydrogenase (NADP) cytoplasmic (LOC101889639),
TRINITY_DN219_c0_g1_i1,tig00009276,4823,0.976777939,0.922040224,0.908770475,0.298334317,0.534548557,3L,1.13704E-07,rho GTPase-activating protein 20 (LOC101889804),
TRINITY_DN4762_c0_g1_i1,tig00009683,776,0.766752577,0.572164948,0.572164948,1.774468082,0.79411402,3L,1.23453E-07,no significant similarity,
TRINITY_DN4762_c0_g1_i1,tig00003890,776,0.766752577,0.572164948,0.572164948,1.774468082,0.900421504,NALL,1.23453E-07,no significant similarity,
TRINITY_DN4019_c0_g1_i3,tig00008721,3436,0.962165308,0.872817229,0.859138533,0.773386393,0.372480466,X,1.24897E-07,eukaryotic translation initiation factor 4H (LOC101892523),
TRINITY_DN1520_c1_g1_i10,tig00009277,5372,0.839352197,0.737714073,0.73175726,0.314857298,0.9385909,3L,1.29328E-07,RNA polymerase II elongation factor EII (LOC101900894),
TRINITY_DN3755_c0_g1_i4,tig00002647,1511,0.964262078,0.936465917,0.925876903,0.284395012,1.092378347,2R,1.4784E-07,protein shisa-5 (LOC101897338),
TRINITY_DN511_c1_g1_i4,tig00003905,3502,0.932324386,0.831239292,0.853226728,0.945278237,0.685799828,3L,1.64319E-07,zinc/cadmium resistance protein (LOC101891315),
TRINITY_DN2211_c0_g1_i6,tig00009716,5427,0.953196978,0.76119403,0.673852957,0.159387937,0.870386118,3L,1.65354E-07,neurotactin (LOC101888473),
TRINITY_DN2580_c0_g1_i6,tig00009277,6537,0.978736423,0.90515527,0.906226098,0.257862177,0.9385909,3L,1.71827E-07,RNA polymerase II elongation factor EII (LOC101900894),
TRINITY_DN1236_c0_g2_i3,tig00009209,9477,0.957264957,0.93637227,0.646934684,0.05497473,0.464252288,2L,1.02515E-08,protein chiffon (LOC101897592),new primer needed
TRINITY_DN313_c0_g1_i3,tig00009696,1498,0.913217623,0.658210948,0.736315087,0.349171414,1.073753222,3L,1.741E-07,protein tantalus (LOC101896366),
TRINITY_DN2681_c0_g1_i2,tig00008906,1895,0.973614776,0.947757256,0.947757256,0.410733253,0.669106432,NALL,1.81597E-07,mitochondrial inner membrane protein OXA1L (LOC101897242),
TRINITY_DN2681_c0_g1_i2,tig00008671,1895,0.973614776,0.947757256,0.947757256,0.410733253,1.099062136,3L,1.81597E-07,mitochondrial inner membrane protein OXA1L (LOC101897242),
TRINITY_DN1176_c0_g1_i6,tig00001348,2637,0.93629124,0.817974972,0.740993553,0.751031373,1.245986087,NALL,1.98322E-07,nuclear migration protein nudC (LOC101898656),
TRINITY_DN1701_c0_g1_i1,tig00003750,2229,0.979811575,0.936742934,0.965903993,0.602708804,0.644345727,2R,2.01621E-07,uncharacterized (LOC101901233),
TRINITY_DN5243_c0_g1_i7,tig00009277,7569,0.949663099,0.816488308,0.827718325,0.464808114,0.9385909,3L,2.07047E-07,phosphatidylinositol 4-phosphate 3-kinase C2 domain-containing subunit beta (LOC101896512),
TRINITY_DN595_c0_g1_i14,tig00003365,3283,0.778251599,0.424916235,0.425830034,0.42363751,0.525377723,3R,2.08087E-07,"methylglutaconyl-CoA hydratase, mitochondrial (LOC101894141)",
TRINITY_DN1281_c3_g1_i1,tig00001849,2990,0.968896321,0.975585284,0.973913043,0.535719952,1.168900499,3L,2.11873E-07,MOB kinase activator-like 2 (LOC101896528),
TRINITY_DN9743_c0_g1_i1,tig00008679,1886,0.826617179,0.788441145,0.803817603,0.119536271,0.449520745,3L,2.17807E-07,transmembrane protein 43 homolog (LOC101900273),
TRINITY_DN1701_c0_g1_i3,tig00003750,3241,0.972230793,0.937673558,0.950632521,0.532147031,0.644345727,2R,2.27525E-07,uncharacterized (LOC101901233),
TRINITY_DN307_c0_g1_i5,tig00008721,2782,0.948957584,0.840043134,0.859813084,0.614018552,0.372480466,X,2.313E-07,protein DDI1 homolog 2 (LOC101892069),
TRINITY_DN4635_c0_g1_i5,tig00004176,1638,0.963980464,0.942612943,0.968253968,0.411648389,1.154982743,NALL,2.39394E-07,uncharacterized (LOC101889235),
TRINITY_DN4635_c0_g1_i5,tig00004173,1638,0.963980464,0.942612943,0.968253968,0.411648389,1.356117969,NALL,2.39394E-07,uncharacterized (LOC101889235),
TRINITY_DN2939_c0_g1_i1,tig00008677,645,0.947286822,0.947286822,0.953488372,0.292927574,1.294699771,3L,2.40105E-07,probable insulin-like peptide 4 (LOC109612103),
TRINITY_DN535_c0_g1_i16,tig00009866,3781,0.870669135,0.862734726,0.867230891,0.116872674,0.284107106,NALL,2.49321E-07,no significant similarity,
TRINITY_DN3770_c0_g1_i4,tig00004652,1960,0.938265306,0.859693878,0.859693878,0.536062944,0.292180456,2L,2.56141E-07,uncharacterized (LOC109613802),
TRINITY_DN5508_c0_g1_i3,tig00004939,1221,0.949221949,0.945126945,0.458640459,1.159552679,1.023825213,NALL,2.5619E-07,multifunctional methyltransferase subunit TRM112-like protein (LOC101895717),
TRINITY_DN5932_c0_g1_i2,tig00009658,2286,0.929571304,0.783464567,0.702974628,0.057045366,0.935747522,2L,8.12291E-05,probable tRNA (guanine(26)-N(2))-dimethyltransferase (LOC101899661),
TRINITY_DN4803_c0_g1_i1,tig00009346,2108,0.990037951,0.904648956,0.878083491,0.319313021,0.733604374,X,2.76182E-07,CXXC-type zinc finger protein 1 (LOC101893321),
TRINITY_DN140_c1_g1_i8,tig00008695,11459,0.985426302,0.74526573,0.765948163,0.233467977,0.997646073,X,2.77222E-07,bumetanide-sensitive sodium-(potassium)-chloride cotransporter (LOC101888630),
TRINITY_DN14529_c0_g1_i2,tig00009277,1568,0.880102041,0.823979592,0.865433673,1.34883733,0.9385909,3L,2.86863E-07,ADP-ribosylation factor-like protein 1 (LOC101889749),
TRINITY_DN366_c0_g1_i5,tig00009154,4279,0.427436317,0.381631222,0.394952092,0.462001946,0.795643499,X,3.01577E-07,probable serine/threonine-protein kinase DDB_G0282963 (LOC101899813),
TRINITY_DN784_c0_g1_i4,tig00008676,3233,0.956696567,0.815960408,0.678008042,2.054795306,0.918865762,3L,3.07782E-07,leucine-rich repeat-containing protein 59 (LOC101889637),
TRINITY_DN2627_c0_g1_i1,tig00009683,734,0.798365123,0.666212534,0.798365123,0.439935562,0.79411402,3L,3.35526E-07,no significant similarity,
TRINITY_DN111_c0_g1_i7,tig00002388,1052,0.671102662,0.855513308,0.855513308,2.912382228,0.433657436,NALL,3.36672E-07,no significant similarity,
TRINITY_DN511_c1_g1_i1,tig00003905,3043,0.911600394,0.842918173,0.886296418,0.284646201,0.685799828,3L,3.66815E-07,zinc/cadmium resistance protein (LOC101891315),
TRINITY_DN2899_c0_g3_i1,tig00008012,1425,0.865964912,0.719298246,0.812631579,0.623772155,2.009227828,NALL,3.99407E-07,"enhancer of split malpha protein (LOC101887350), mRNA",
TRINITY_DN2223_c0_g1_i1,tig00001677,1766,0.902604757,0.857304643,0.775198188,0.429782781,0.646479951,3L,4.28263E-07,protein-S-isoprenylcysteine O-methyltransferase (LOC101892329),
TRINITY_DN33_c0_g1_i1,tig00003247,3195,0.516431925,0.118309859,0.415962441,0.354933168,0.601521093,NALL,4.30552E-07,"serine-rich adhesin for platelets (LOC101901131), mRNA",
TRINITY_DN111_c0_g1_i1,tig00002388,1014,0.710059172,0.753451677,0.753451677,1.463931894,0.433657436,NALL,4.48583E-07,no significant similarity,
TRINITY_DN3192_c0_g3_i2,tig00009154,2655,0.950282486,0.827118644,0.780414313,0.270378041,0.795643499,X,4.52134E-07,translocator protein (LOC101888423),
TRINITY_DN2412_c0_g1_i1,tig00003587,1369,0.96274653,0.908692476,0.84806428,0.371744251,0.759805269,2R,4.62568E-07,"peroxiredoxin-6 (LOC101888226), mRNA",
TRINITY_DN1520_c1_g1_i9,tig00009287,5387,0.79896046,0.735845554,0.79896046,0.828020432,1.100513125,3L,4.73938E-07,RNA polymerase II elongation factor EII (LOC101900894),
TRINITY_DN25160_c0_g1_i1,tig00008723,560,0.855357143,0.796428571,0.789285714,0.238132501,0.934914757,3L,4.82871E-07,"superoxide dismutase Cu-Zn (SOD), mRNA",
TRINITY_DN52513_c0_g1_i6,tig00001516,404,0.839108911,0.839108911,0.787128713,0,1.211751033,3L,4.82899E-07,40S ribosomal protein S9 (LOC101889474),
TRINITY_DN1420_c4_g1_i3,tig00009074,1549,0.969012266,0.917366043,0.951581666,0.375308698,0.799480713,3R,5.33586E-07,elongation of very long chain fatty acids protein AAEL008004 (LOC101898711),
TRINITY_DN6008_c0_g1_i3,tig00003905,2292,0.839877836,0.770069808,0.722949389,0.173215972,0.685799828,3L,5.88383E-07,glycerol-3-phosphate phosphatase-like (LOC101894076),
TRINITY_DN773_c0_g1_i3,tig00004202,2143,0.834811013,0.844143724,0.710685954,0.447084897,1.176106705,X,6.02126E-07,putative inositol monophosphatase 3 (LOC101895366),
TRINITY_DN1162_c0_g1_i1,tig00008812,1884,0.850318471,0.876326964,0.835456476,0.405441406,0.903854856,3L,6.15165E-07,carbonic anhydrase (LOC101889421),
TRINITY_DN7766_c0_g1_i2,tig00003809,2356,0.952886248,0.752546689,0.799235993,0.062432819,1.245701858,2L,6.98354E-05,endoplasmic reticulum lectin 1 (LOC101887549),new primer needed
TRINITY_DN2000_c0_g1_i2,tig00009683,1117,0.698299015,0.6087735,0.6087735,1.091694528,0.79411402,3L,6.75254E-07,no significant similarity,
TRINITY_DN2137_c1_g2_i1,tig00008671,1123,0.89047195,0.866429207,0.897595726,1.055219754,1.099062136,3L,7.19604E-07,RNMT-activating mini protein (LOC101891773),
TRINITY_DN1114_c0_g1_i2,tig00003905,4824,0.824212272,0.923300166,0.785240464,0.366574292,0.685799828,3L,7.46838E-07,microtubule-associated serine/threonine-protein kinase 4 (LOC101892827),
TRINITY_DN3095_c0_g1_i8,tig00008734,4910,0.977596741,0.749490835,0.619959267,0.667435875,0.952246297,NALL,7.61473E-07,cytoplasmic dynein 1 light intermediate chain 1 (LOC101899119),
TRINITY_DN430_c2_g1_i5,tig00008812,3497,0.992565056,0.931369745,0.930225908,0.210496655,0.903854856,3L,7.95007E-07,"AF4/FMR2 family member 4 (LOC101890266), mRNA",
TRINITY_DN1553_c0_g1_i1,tig00003712,4311,0.969148689,0.871027604,0.875666899,2.382387399,0.820101851,2R,8.10252E-07,uncharacterized (LOC101887525),
TRINITY_DN785_c3_g1_i3,tig00008497,3364,0.985434007,0.954221165,0.943222354,0.57780292,1.230632169,X,8.22211E-07,DDB1- and CUL4-associated factor 7 (LOC101898662),
TRINITY_DN1170_c0_g1_i5,tig00002980,2245,0.839198218,0.713140312,0.832962138,0.525281322,0.801820358,NALL,8.61543E-07,uncharacterized (LOC101894796),
TRINITY_DN1170_c0_g1_i5,tig00009349,2245,0.839198218,0.713140312,0.832962138,0.525281322,0.947465107,X,8.61543E-07,uncharacterized (LOC101894796),
TRINITY_DN2211_c0_g1_i1,tig00004987,1183,0.548605241,0.511411665,0.840236686,0.128429875,1.094920117,3L,8.73535E-07,neurotactin (LOC101888473),
TRINITY_DN749_c0_g1_i1,tig00003344,5650,0.956106195,0.73380531,0.688141593,0.065465302,1.018337676,2L,6.20488E-07,bone morphogenetic protein receptor type-1B (LOC101900564),new primer needed
TRINITY_DN230_c0_g2_i1,tig00007420,955,0.857591623,0.686910995,0.701570681,0.748515318,3.445575344,NALL,1.06333E-06,no significant similarity,
TRINITY_DN1409_c0_g1_i2,tig00009559,3495,0.959370529,0.824320458,0.77167382,0.093200682,1.871546305,2L,4.98767E-06,POU domain protein 2 (LOC101888218),
TRINITY_DN1813_c0_g1_i5,tig00008814,5935,0.955012637,0.877843302,0.877000842,0.277026498,0.907761108,3L,1.09024E-06,uncharacterized (LOC101897608),
TRINITY_DN17517_c0_g1_i2,tig00008808,940,0.832978723,0.870212766,0.753191489,0.568680929,1.751415755,3L,1.13093E-06,"39S ribosomal protein L23, mitochondrial (LOC101900712)",
TRINITY_DN349_c0_g1_i6,tig00002235,2687,0.884257536,0.869743208,0.887234834,1.618185382,0.571189271,3R,1.18703E-06,"protein pellino (LOC101889032), partial mRNA",
TRINITY_DN2321_c0_g1_i6,tig00004167,1156,0.916089965,0.861591696,0.827854671,0.826803718,1.229872157,2R,1.21059E-06,receptor expression-enhancing protein 1-like (LOC101898409),
TRINITY_DN4430_c0_g1_i5,tig00008497,1392,0.975574713,0.975574713,0.792385057,0.426672564,1.230632169,X,1.22285E-06,calcyclin-binding protein (LOC101888658) ,
TRINITY_DN65_c0_g1_i9,tig00008497,5821,0.566053943,0.565882151,0.503521732,0.725476497,1.230632169,X,1.22624E-06,"mannosyl-oligosaccharide alpha-1,2-mannosidase IA (LOC101890227), mRNA",
TRINITY_DN823_c0_g1_i2,tig00008811,491,0.716904277,0.790224033,0.710794297,0.559715273,0.719659587,3L,1.26444E-06,polyubiquitin-C (LOC101893413),
TRINITY_DN6505_c0_g1_i1,tig00002180,6157,0.992691246,0.953386389,0.954198473,0.642963785,0.67790594,3L,1.29559E-06,ATPase family AAA domain-containing protein 5 (LOC101889796),
TRINITY_DN313_c0_g1_i2,tig00009696,1196,0.91722408,0.653010033,0.760869565,0.175809086,1.073753222,3L,1.32315E-06,protein tantalus (LOC101896366),
TRINITY_DN364_c0_g1_i3,tig00003905,1585,0.934384858,0.656782334,0.649211356,1.061653218,0.685799828,3L,1.34112E-06,"vesicle transport protein SFT2A (LOC101896686), mRNA",
TRINITY_DN5678_c0_g1_i4,tig00009073,2055,0.80729927,0.948418491,0.8486618,0.445731136,0.946328971,3R,1.35124E-06,"serine protease snake (LOC101893645), mRNA",
TRINITY_DN11745_c0_g1_i6,tig00002701,4042,0.966600693,0.978476002,0.926274122,1.080108236,0.320814197,2L,1.35267E-06,homer protein homolog 2 (LOC101900948),
TRINITY_DN1677_c0_g2_i1,tig00009277,3278,0.9804759,0.848688225,0.715985357,0.393641694,0.9385909,3L,1.39488E-06,RNA-binding protein lark (LOC101896986),
TRINITY_DN4303_c0_g1_i1,tig00001495,3481,0.933352485,0.907497845,0.871014076,0.418681429,0.779895223,3L,1.40813E-06,rab5 GDP/GTP exchange factor (LOC101890375),
TRINITY_DN47_c2_g1_i4,tig00004066,2651,0.503583553,0.327423614,0.574122972,0.537595288,0.102313452,2L,1.42745E-06,neuroguidin (LOC101888019),
TRINITY_DN807_c0_g1_i1,tig00009599,4687,0.917431193,0.844890122,0.523575848,0.098892419,0.553402188,2L,1.80188E-05,abhydrolase domain-containing protein 2 (LOC101890294),
TRINITY_DN6509_c0_g1_i5,tig00004236,1961,0.99082101,0.877103519,0.880673126,0.549195951,1.505210694,3L,1.48126E-06,general transcription factor IIE subunit 1 (LOC101898349),
TRINITY_DN2194_c0_g1_i8,tig00008671,6349,0.819656639,0.785478028,0.785478028,0.261526735,1.099062136,3L,1.48281E-06,serine-rich adhesin for platelets (LOC101897125),
TRINITY_DN6504_c0_g2_i1,tig00009645,667,0.877061469,0.84107946,0.793103448,7.77598151,0.623169767,X,1.50397E-06,invariant surface glycoprotein (LOC101901420),
TRINITY_DN2912_c0_g1_i1,tig00008813,521,0.426103647,0.859884837,0.750479846,0.313635833,1.193371403,3L,1.56211E-06,uncharacterized (LOC106094414),
TRINITY_DN5895_c0_g1_i2,tig00003284,1848,0.963744589,0.812229437,0.812770563,0.824283696,0.623925397,NALL,1.5878E-06,signal recognition particle receptor subunit beta (LOC101900469),
TRINITY_DN5895_c0_g1_i2,tig00009512,1848,0.963744589,0.812229437,0.812770563,0.824283696,1.153330664,3L,1.5878E-06,signal recognition particle receptor subunit beta (LOC101900469),
TRINITY_DN2081_c0_g1_i6,tig00003198,2992,0.964572193,0.937834225,0.942847594,0.705839144,0.446461708,NALL,1.619E-06,uncharacterized (LOC101899365),
TRINITY_DN2081_c0_g1_i6,tig00003200,2992,0.964572193,0.937834225,0.942847594,0.705839144,0.52153156,NALL,1.619E-06,uncharacterized (LOC101899365),
TRINITY_DN2081_c0_g1_i6,tig00009472,2992,0.964572193,0.937834225,0.942847594,0.705839144,0.731945606,2R,1.619E-06,uncharacterized (LOC101899365),
TRINITY_DN1890_c0_g1_i3,tig00009277,3309,0.938349955,0.841946207,0.841946207,0.229933406,0.9385909,3L,1.69916E-06,E3 ubiquitin-protein ligase mind-bomb (LOC101890590),
TRINITY_DN1772_c0_g1_i1,tig00008497,2895,0.927115717,0.903626943,0.868048359,0.411705396,1.230632169,X,1.74448E-06,TRAF2 and NCK-interacting protein kinase (LOC101900193),
TRINITY_DN4114_c0_g1_i10,tig00002755,7933,0.988024707,0.972519854,0.972645909,0.729901408,0.826040599,2R,1.80243E-06,TGF-beta receptortype-1 (LOC101895175),
TRINITY_DN3007_c0_g1_i1,tig00009277,3563,0.978388998,0.9477968,0.95369071,0.484687744,0.9385909,3L,1.82852E-06,deformed epidermal autoregulatory factor 1 (LOC101898481),
TRINITY_DN7130_c0_g2_i3,tig00008812,2584,0.944272446,0.914473684,0.94001548,1.023116863,0.903854856,3L,1.84903E-06,"phosphatidate cytidylyltransferase, photoreceptor-specific (LOC101892106)",
TRINITY_DN3219_c0_g1_i1,tig00008811,1848,0.923701299,0.923701299,0.886363636,0.389070939,0.719659587,3L,2.04786E-06,uncharacterized (LOC101893666),
TRINITY_DN2776_c0_g1_i2,tig00008813,1315,0.899619772,0.782509506,0.784030418,0.638347006,1.193371403,3L,2.0859E-06,"39S ribosomal protein L17, mitochondrial (LOC101901184)",
TRINITY_DN5243_c0_g1_i5,tig00009277,7576,0.944957761,0.817581837,0.835401267,0.402824488,0.9385909,3L,2.15963E-06,phosphatidylinositol 4-phosphate 3-kinase C2 domain-containing subunit beta (LOC101896512),
TRINITY_DN145_c0_g1_i2,tig00005106,1466,0.931105048,0.764665757,0.77148704,0.531332804,0.53165341,2R,2.16262E-06,deoxyhypusine hydroxyşase (LOC101897972),
TRINITY_DN2365_c1_g1_i1,tig00001340,1995,0.963909774,0.950877193,0.963909774,0.585311556,0.305397137,NALL,2.17598E-06,peptidoglycan-recognition protein LF (LOC101889758),
TRINITY_DN2365_c1_g1_i1,tig00008813,1995,0.963909774,0.950877193,0.963909774,0.585311556,1.193371403,3L,2.17598E-06,peptidoglycan-recognition protein LF (LOC101889758),
TRINITY_DN2934_c0_g1_i4,tig00008497,2964,0.924426451,0.926788124,0.882591093,0.656858312,1.230632169,X,2.22308E-06,mitochondrial ribonuclease P protein 3 (LOC101901819),
TRINITY_DN2725_c0_g1_i1,tig00008895,850,0.648235294,0.958823529,0.564705882,0.757780783,0.803894194,3R,2.26396E-06,uncharacterized (LOC105261605),
TRINITY_DN2725_c0_g1_i1,tig00002148,850,0.648235294,0.958823529,0.564705882,0.757780783,1.086586068,NALL,2.26396E-06,uncharacterized (LOC105261605),
TRINITY_DN1113_c0_g1_i1,tig00009349,2596,0.946070878,0.877503852,0.931432974,0.455845919,0.947465107,X,2.27239E-06,bifunctional lysine-specific demethylase and histidyl-hydroxylase NO66 (LOC101891741),
TRINITY_DN1113_c0_g1_i1,tig00004341,2596,0.946070878,0.877503852,0.931432974,0.455845919,1.018597385,NALL,2.27239E-06,bifunctional lysine-specific demethylase and histidyl-hydroxylase NO66 (LOC101891741),
TRINITY_DN2726_c0_g1_i15,tig00000571,5869,0.988243312,0.978190492,0.930652581,0.349474696,0.183993074,NALL,2.45912E-06,ubiquitin carboxyl-terminal hydrolase 7 (LOC101896805),
TRINITY_DN2726_c0_g1_i15,tig00008497,5869,0.988243312,0.978190492,0.930652581,0.349474696,1.230632169,X,2.45912E-06,ubiquitin carboxyl-terminal hydrolase 7 (LOC101896805),
TRINITY_DN2889_c1_g1_i1,tig00004237,1610,0.970807453,0.9,0.90310559,0.102137107,0.813972087,2L,0.00010235,"probable cGMP 3',5'-cyclic phosphodiesterase subunit delta (LOC101898885)",
TRINITY_DN504_c0_g1_i3,tig00008813,5081,0.946664043,0.876599095,0.877386341,0.413802913,1.193371403,3L,2.52481E-06,tyrosine-protein kinase Src64B (LOC101901281),
TRINITY_DN1440_c0_g1_i3,tig00009154,8636,0.969777675,0.869615563,0.885595183,0.439725407,0.795643499,X,2.62873E-06,uncharacterized (LOC101894397),
TRINITY_DN669_c0_g1_i2,tig00009256,4905,0.983893986,0.883588175,0.881345566,0.10452324,1.203487719,2L,5.72015E-05,"apolipophorins (LOC101887937), mRNA",
TRINITY_DN961_c0_g1_i9,tig00009860,868,0.770737327,0.717741935,0.736175115,1.632946248,0.186789928,NALL,2.67416E-06,vasotab (LOC101889436),
TRINITY_DN1938_c0_g1_i2,tig00009154,4408,0.949183303,0.929673321,0.924682396,0.354186723,0.795643499,X,2.8057E-06,disks large 1 tumor suppressor protein (LOC101889158),
TRINITY_DN609_c0_g1_i3,tig00005002,1493,0.837910248,0.73074347,0.696584059,2.178364548,0.546515503,NALL,2.82319E-06,uncharacterized (LOC101896577),
TRINITY_DN2825_c1_g1_i1,tig00008497,3193,0.872220482,0.888506107,0.842781084,0.284310447,1.230632169,X,2.83117E-06,gamma-tubulin complex component 2 homolog (LOC101897475),
TRINITY_DN3746_c0_g1_i3,tig00009683,761,0.642575558,0.55978975,0.55978975,1.129523755,0.79411402,3L,2.90017E-06,uncharacterized (LOC109614144),
TRINITY_DN2405_c1_g1_i5,tig00009349,3771,0.81835057,0.793158313,0.79740122,0.333762473,0.947465107,X,2.99804E-06,insulin-like growth factor 2 mRNA-binding protein 1 (LOC101887774),
TRINITY_DN260_c0_g1_i4,tig00009712,5572,0.958901651,0.896805456,0.928033022,0.510510062,0.852849751,3R,3.06763E-06,eukaryotic translation initiation factor 2 subunit 3 (LOC101894917),
TRINITY_DN1304_c0_g1_i13,tig00004101,6767,0.984926851,0.88443919,0.814836708,0.118580031,1.037016893,NALL,1.46849E-06,uncharacterized (LOC101899132),
TRINITY_DN3393_c0_g1_i2,tig00008923,406,0.810344828,0.731527094,0.160098522,0.436627085,0.111072113,2L,3.12574E-06,no significant similarity,
TRINITY_DN1904_c0_g1_i2,tig00003766,3622,0.969353948,0.844284925,0.835173937,0.594824124,0.451436949,NALL,3.17153E-06,myb-binding protein 1A-like protein (LOC101899416),
TRINITY_DN1270_c0_g1_i11,tig00009184,1570,0.787898089,0.693630573,0.81910828,0.228853364,0.917452457,2R,3.20429E-06,cytochrome c oxidase assembly protein COX15 homolog (LOC101892081),
TRINITY_DN2693_c0_g1_i2,tig00002701,2566,0.925565082,0.847622759,0.823070928,0.123885719,0.320814197,2L,0.000101381,transcription factor glial cells missing (LOC101889848),
TRINITY_DN72_c0_g2_i15,tig00003587,3556,0.616985377,0.572553431,0.587739033,0.920299058,0.759805269,2R,3.48711E-06,G protein alpha o subunit (LOC101887825),
TRINITY_DN405_c0_g1_i3,tig00008497,2657,0.847948814,0.835905156,0.77267595,0.141774536,1.230632169,X,3.6306E-06,vacuolar protein sorting-associated protein 33A (LOC101897303),
TRINITY_DN3529_c0_g1_i14,tig00007365,1696,0.923938679,0.788915094,0.925707547,0.128093052,0.128158865,NALL,7.3301E-05,"oocyte zinc finger protein XICOF8,4-like (LOC10194961)",
TRINITY_DN65_c0_g1_i12,tig00008497,5708,0.538542397,0.538367204,0.535564121,1.143399731,1.230632169,X,3.73717E-06,"mannosyl-oligosaccharide alpha-1,2-mannosidase IA (LOC101890227), mRNA",
TRINITY_DN2167_c0_g1_i2,tig00002701,772,0.926165803,0.804404145,0.926165803,0.129429565,0.320814197,2L,9.86951E-06,uncharacterized (LOC105261704),
TRINITY_DN3199_c0_g1_i2,tig00008721,2492,0.972712681,0.598715891,0.664526485,0.365062909,0.372480466,X,3.81389E-06,flotillin-2 (LOC101892815),
TRINITY_DN1354_c0_g1_i2,tig00003257,2469,0.953827461,0.85581207,0.867152693,0.807523742,0.881641029,2R,3.88825E-06,alpha-soluble NSF attachment protein (LOC101890636),
TRINITY_DN3496_c3_g1_i1,tig00009276,3620,0.950276243,0.88480663,0.912983425,0.536047069,0.534548557,3L,4.03948E-06,dual specificity protein phosphatase Mpk3 (LOC101893471),
TRINITY_DN43_c0_g1_i1,tig00003338,12092,0.497767119,0.489827985,0.497767119,0.289982348,0.377594362,NALL,4.41475E-06,uncharacterized (LOC109612935),
TRINITY_DN1009_c0_g1_i3,tig00004167,2229,0.950201884,0.825033647,0.897711978,0.973191515,1.229872157,2R,4.42391E-06,uncharacterized (LOC101892305),
TRINITY_DN4130_c0_g1_i2,tig00002057,3424,0.950934579,0.949182243,0.834696262,0.13332006,1.887351052,NALL,2.52312E-06,zinc finger protein Noc (LOC101892383),
TRINITY_DN1368_c1_g1_i4,tig00009277,4356,0.961662075,0.896694215,0.904499541,0.277496391,0.9385909,3L,4.49924E-06,serine/threonine-protein kinase ULK2 (LOC101894134),
TRINITY_DN4731_c1_g1_i4,tig00003750,1901,0.897948448,0.87269858,0.881115203,0.732519346,0.644345727,2R,4.51771E-06,liprin-alpha-1 (LOC101896458),
TRINITY_DN669_c0_g1_i6,tig00009256,5747,0.983469636,0.888289542,0.883591439,0.136141421,1.203487719,2L,6.13665E-05,"apolipophorins (LOC101887937), mRNA",
TRINITY_DN546_c0_g1_i10,tig00009627,5701,0.971934748,0.528679179,0.528679179,3.523403842,1.257521639,NALL,4.59937E-06,frizzled-like (LOC109614181),
TRINITY_DN5394_c0_g1_i5,tig00009256,3121,0.962832426,0.908362704,0.861903236,0.463217927,1.203487719,2L,4.75632E-06,choline/ethanolamine kinase (LOC101899617),
TRINITY_DN2257_c0_g1_i1,tig00008813,2722,0.969507715,0.961792799,0.893828068,1.100969264,1.193371403,3L,4.76748E-06,protein spitz-like (LOC101894405),
TRINITY_DN1324_c8_g1_i1,tig00004964,3065,0.993474715,0.909624796,0.884502447,0.335971338,0.506783407,X,4.82799E-06,serine/threonine-protein kinase PAK mbt (LOC101893437),
TRINITY_DN1324_c8_g1_i1,tig00009952,3065,0.993474715,0.909624796,0.884502447,0.335971338,0.722397898,X,4.82799E-06,serine/threonine-protein kinase PAK mbt (LOC101893437),
TRINITY_DN3368_c0_g1_i5,tig00003905,2291,0.937581842,0.892186818,0.892186818,0.458603265,0.685799828,3L,4.9725E-06,mediator of RNA polymerase II transcription subunit 12 (LOC101898243),
TRINITY_DN2917_c0_g1_i2,tig00003766,3878,0.933728726,0.813305828,0.828004126,0.146912477,0.451436949,NALL,1.08364E-05,vinculin (LOC101895839),
TRINITY_DN2774_c0_g1_i14,tig00002180,2228,0.99551167,0.98070018,0.981149013,1.007983779,0.67790594,3L,5.40266E-06,female-specific protein transformer (LOC101888218),
TRINITY_DN8534_c0_g1_i3,tig00003795,2543,0.96893433,0.747935509,0.747935509,0.309333855,1.192556894,3L,5.46382E-06,serine/threonine-protein kinase RI01 (LOC101896795),
TRINITY_DN2465_c0_g1_i1,tig00003905,2068,0.5,0.445841393,0.423597679,0.143357816,0.685799828,3L,5.50322E-06,"cytochrome c oxidase assembly protein COX11, mitochondrial (LOC101895527)",
TRINITY_DN471_c0_g1_i3,tig00008811,3340,0.983233533,0.958383234,0.945808383,1.388248797,0.719659587,3L,5.52963E-06,"type 1 phosphatidylinositol 4,5-biphosphate 4-phosphatase (LOC101893850)",
TRINITY_DN3368_c0_g1_i3,tig00003905,2163,0.950531669,0.865464632,0.874248729,0.311345183,0.685799828,3L,5.58601E-06,mediator of RNA polymerase II transcription subunit 12 (LOC101898243),
TRINITY_DN1007_c1_g1_i2,tig00003795,4344,0.527624309,0.489410681,0.489410681,0.569349949,1.192556894,3L,5.7046E-06,ATP-binding cassette sub-family G member 1 (LOC101896421),
TRINITY_DN2571_c0_g1_i6,tig00004794,3138,0.97195666,0.905035054,0.932441045,0.613460139,0.905441947,3L,5.7627E-06,coiled-coil domain-containing protein 186 (LOC101888129),
TRINITY_DN4346_c0_g1_i3,tig00009349,1911,0.937205651,0.937205651,0.929879644,0.189784214,0.947465107,X,5.79736E-06,"probable methylmalonate-semialdehyde dehydrogenase, mitochondrial (LOC101894473)",
TRINITY_DN2292_c0_g1_i2,tig00003766,2640,0.976136364,0.814393939,0.679924242,0.154718609,0.451436949,NALL,3.33552E-05,RNA-binding protein 34 (LOC101899583),
TRINITY_DN3746_c0_g1_i5,tig00009683,772,0.796632124,0.598445596,0.598445596,0.920540971,0.79411402,3L,5.81627E-06,uncharacterized (LOC109614145),
TRINITY_DN4864_c0_g1_i3,tig00009349,1701,0.9441505,0.828924162,0.828924162,0.977508631,0.947465107,X,5.91301E-06,zinc finger protein 593 homolog (LOC101898285),
TRINITY_DN2240_c0_g1_i10,tig00008677,3163,0.944988935,0.944988935,0.940878912,0.645894466,1.294699771,3L,6.02007E-06,coiled-coil domain-containing protein 102A (LOC101892064),
TRINITY_DN3322_c0_g1_i6,tig00008495,3037,0.966743497,0.906815937,0.836351663,1.646322838,0.765233545,NALL,6.32819E-06,sperm-associated antigen 7 homolog (LOC101897116),
TRINITY_DN3322_c0_g1_i6,tig00008496,3037,0.966743497,0.906815937,0.836351663,1.646322838,0.766581339,X,6.32819E-06,sperm-associated antigen 7 homolog (LOC101897116),
TRINITY_DN1941_c0_g1_i12,tig00001423,2567,0.887417219,0.883132061,0.88546942,1.633990461,0.890900541,2R,6.36756E-06,uncharacterized (LOC109613826),
TRINITY_DN3496_c3_g1_i4,tig00009276,3614,0.957387936,0.888212507,0.907858329,0.452502953,0.534548557,3L,6.44113E-06,dual specificity protein phosphatase Mpk3 (LOC101893471),
TRINITY_DN491_c0_g1_i2,tig00005360,2073,0.962855765,0.843222383,0.863965268,0.432386185,1.688830796,NALL,6.46393E-06,"Musca domestica transcription termination factor 3, mitochondrial (LOC101887732)",
TRINITY_DN3579_c0_g1_i11,tig00003713,2877,0.989920056,0.988182134,0.989920056,1.06646722,1.032003771,3L,6.4667E-06,ribose-phosphate pyrophosphokinase1 (LOC101893257),
TRINITY_DN1090_c0_g1_i11,tig00008679,2558,0.876075059,0.875293198,0.838936669,0.389453323,0.449520745,3L,6.47283E-06,Musca domestica partner of Y14 and mago (LOC101889183),
TRINITY_DN2653_c0_g3_i20,tig00001423,9049,0.89987844,0.877555531,0.899657421,0.954394257,0.890900541,2R,6.49864E-06,no significant similarity,
TRINITY_DN408_c1_g1_i6,tig00003905,3342,0.770197487,0.844105326,0.635248354,0.848988637,0.685799828,3L,6.58538E-06,protein split ends (LOC101898064),
TRINITY_DN2917_c0_g1_i6,tig00003766,3881,0.94382891,0.815769132,0.819118784,0.156838388,0.451436949,NALL,9.65695E-07,vinculin (LOC101895839),
TRINITY_DN11_c0_g1_i3,tig00009627,3832,0.841075157,0.2967119,0.550626305,1.95965751,1.257521639,NALL,6.60544E-06,frizzled-like (LOC109614181),
TRINITY_DN5317_c0_g1_i5,tig00008497,3725,0.969127517,0.856644295,0.871409396,0.223453077,1.230632169,X,6.67108E-06,"ribonuclease Z, mitochondrial (LOC101887951)",
TRINITY_DN1225_c0_g1_i4,tig00008420,2697,0.959955506,0.959584724,0.93214683,0.626924229,0.974819782,3R,7.00344E-06,probable serine/threonine-protein kinase kinX (LOC101891250),
TRINITY_DN1007_c3_g1_i3,tig00006768,504,0.867063492,0.738095238,0.867063492,1.587515921,0.864510923,NALL,7.33464E-06,ATP-binding cassette sub-family G member 1 (LOC101896421),
TRINITY_DN705_c0_g1_i1,tig00003713,2244,0.950089127,0.949643494,0.860962567,0.846368265,1.032003771,3L,7.39383E-06,protein boule (LOC101897560),
TRINITY_DN4261_c0_g1_i2,tig00003905,1073,0.836905871,0.681267474,0.689655172,0.704025236,0.685799828,3L,7.66895E-06,ATP synthase subunit s-like protein (LOC101898893),
TRINITY_DN5817_c0_g1_i1,tig00002701,1185,0.745147679,0.473417722,0.745147679,0,0.320814197,2L,7.71066E-06,uncharacterized (LOC101899886),
TRINITY_DN10843_c0_g1_i3,tig00002698,852,0.984741784,0.963615023,0.977699531,0.746828944,1.261357468,X,7.86625E-06,COMM domain-containing protein 3 (LOC101889473),
TRINITY_DN609_c0_g1_i9,tig00003766,1494,0.832663989,0.716198126,0.721552878,2.491007788,0.451436949,NALL,8.00365E-06,uncharacterized (LOC101896577),
TRINITY_DN1547_c0_g1_i3,tig00009074,2158,0.919369787,0.784059314,0.906858202,2.509673115,0.799480713,3R,8.0531E-06,elongation of very long chain fatty acids protein AAEL008004 (LOC101898711),
TRINITY_DN285_c0_g1_i3,tig00009153,2335,0.955888651,0.788865096,0.823126338,0.758286585,1.129501056,X,8.82977E-06,coactosin-like protein (LOC101889409),
TRINITY_DN2558_c0_g1_i11,tig00008811,3008,0.953125,0.948138298,0.957114362,1.02684036,0.719659587,3L,9.19006E-06,nuclear distribution protein nudE homolog (LOC101893131),
TRINITY_DN26381_c0_g2_i6,tig00008420,5199,0.980188498,0.931909983,0.894210425,0.872469853,0.974819782,3R,9.28029E-06,protein C12orf4 homolog (LOC101891068),
TRINITY_DN3148_c0_g1_i5,tig00008811,2815,0.96731794,0.910479574,0.930017762,0.270806657,0.719659587,3L,9.28278E-06,transcription initiation factor TFIID subunit 2 (LOC101895826),
TRINITY_DN711_c1_g1_i3,tig00008921,2255,0.875831486,0.688248337,0.715299335,0.075879072,1.552129831,3L,9.60439E-06,zinc transporter foi (LOC101890874),
TRINITY_DN10702_c1_g1_i2,tig00009945,2218,0.895852119,0.80342651,0.840396754,0.082626009,0.630393967,2L,9.84343E-06,probable ATP-dependent RNA helicase DDX47 (LOC101895583),
TRINITY_DN2071_c0_g1_i6,tig00002185,12316,0.98968821,0.940240338,0.94543683,0.166318612,0.355602299,NALL,8.73642E-05,laminin subunit alpha (LOC101897673),
TRINITY_DN1113_c0_g1_i4,tig00009349,2698,0.95255745,0.872868792,0.926612305,0.432893895,0.947465107,X,9.9723E-06,bifunctional lysine-specific demethylase and histidyl-hydroxylase NO66 (LOC101891741),
TRINITY_DN1113_c0_g1_i4,tig00004341,2698,0.95255745,0.872868792,0.926612305,0.432893895,1.018597385,NALL,9.9723E-06,bifunctional lysine-specific demethylase and histidyl-hydroxylase NO66 (LOC101891741),
TRINITY_DN447_c0_g1_i8,tig00008497,2231,0.826535186,0.72568355,0.482294935,1.396416464,1.230632169,X,9.97554E-06,uncharacterized (LOC105261698),
TRINITY_DN243_c1_g1_i5,tig00003387,2943,0.956846755,0.876656473,0.87835542,0.441097933,1.096282433,2L,1.04306E-05,protein Spindly (LOC101897794),
TRINITY_DN49550_c0_g1_i3,tig00008497,1359,0.898454746,0.890360559,0.80794702,0.968157166,1.230632169,X,1.08276E-05,UPF0488 protein CG14286 (LOC101896976),
TRINITY_DN2071_c0_g1_i7,tig00002185,12796,0.987027196,0.931931854,0.933338543,0.170340644,0.355602299,NALL,3.7715E-09,"Musca domestica laminin subunit alpha (LOC101897673), mRNA",
TRINITY_DN273_c0_g1_i3,tig00009684,6563,0.501904617,0.47325918,0.474782874,0.286672706,1.384904214,NALL,1.0867E-05,filamentous growth regulator 23 (LOC101890223),
TRINITY_DN670_c0_g1_i17,tig00001849,5080,0.98996063,0.982086614,0.985629921,0.74806812,1.168900499,3L,1.08701E-05,MOXD1 homolog 2 (LOC101901481),
TRINITY_DN5333_c0_g1_i5,tig00008808,7753,0.963240036,0.861601961,0.853605056,0.331704208,1.751415755,3L,1.09883E-05,supervillin (LOC101899622),
TRINITY_DN1549_c0_g1_i6,tig00003587,2668,0.965892054,0.76874063,0.956896552,0.36969814,0.759805269,2R,1.13721E-05,uncharacterized (LOC101900121),
TRINITY_DN2084_c0_g1_i1,tig00008679,2646,0.990551776,0.975434618,0.972789116,0.89880042,0.449520745,3L,1.15019E-05,uncharacterized (LOC101898864),
TRINITY_DN213_c13_g1_i1,tig00003914,1312,0.988567073,0.923018293,0.988567073,1.307191829,1.089501584,X,1.19031E-05,serine-rich adhesin for platelets (LOC101893510),
TRINITY_DN530_c0_g1_i2,tig00008679,1365,0.803663004,0.803663004,0.84981685,21.05616539,0.449520745,3L,1.19067E-05,no significant similarity,
TRINITY_DN246_c0_g1_i3,tig00009287,2384,0.786073826,0.786073826,0.73238255,1.152012402,1.100513125,3L,1.25543E-05,"cytochrome c oxidase assembly protein COX11, mitochondrial (LOC101895527)",
TRINITY_DN468_c0_g1_i3,tig00008963,1210,0.587603306,0.552892562,0.567768595,0.834216809,1.117947889,3R,1.27434E-05,no significant similarity,
TRINITY_DN1295_c1_g1_i3,tig00009307,2720,0.947058824,0.614338235,0.73125,0.707271365,0.879604706,NALL,1.29176E-05,heparan-sulfate 6-O-sulfotransferase 3 (LOC101889212),
TRINITY_DN1529_c0_g1_i9,tig00008812,983,0.833163784,0.82197355,0.817904374,0.137220054,0.903854856,3L,1.316E-05,transmembrane protein 209 (LOC101899222),
TRINITY_DN4225_c0_g2_i5,tig00009699,7394,0.603868001,0.586556668,0.589396808,0.348603686,0.57321339,NALL,1.3349E-05,eukaryotic translation initiation factor 4G (LOC101890484),
TRINITY_DN4225_c0_g2_i5,tig00009073,7394,0.603868001,0.586556668,0.589396808,0.348603686,0.946328971,3R,1.3349E-05,eukaryotic translation initiation factor 4G (LOC101890484),
TRINITY_DN29_c0_g1_i9,tig00001849,2754,0.940087146,0.903776325,0.903776325,0.578631057,1.168900499,3L,1.45694E-05,nucleobindin-2 (LOC101894544),
TRINITY_DN739_c0_g1_i4,tig00004236,1226,0.910277325,0.844208809,0.848287113,0.554928587,1.505210694,3L,1.5551E-05,biogenesis of lysosome-related organelles complex 1 subunit 26 (LOC101898239),
TRINITY_DN1462_c3_g1_i7,tig00008812,1505,0.922923588,0.931561462,0.880398671,0.573538879,0.903854856,3L,1.55924E-05,putative mediator of RNA polymerase II transcription subunit 26 (LOC101893188),
TRINITY_DN236_c0_g1_i5,tig00003905,1467,0.349011588,0.482617587,0.494205862,1.521633809,0.685799828,3L,1.56741E-05,no significant similarity,
TRINITY_DN439_c0_g1_i4,tig00001677,5549,0.606775996,0.521535412,0.572896017,0.536316958,0.646479951,3L,1.58987E-05,facilitated trehalose transporter Tret1-2 homolog (LOC101892671),
TRINITY_DN5265_c0_g1_i11,tig00008497,5888,0.935971467,0.866847826,0.887058424,0.463212752,1.230632169,X,1.63083E-05,uncharacterized (LOC101893736),
TRINITY_DN234_c0_g1_i11,tig00009074,2175,0.968275862,0.914942529,0.922298851,0.852304971,0.799480713,3R,1.64368E-05,nucleolysin TIAR (LOC101895264),
TRINITY_DN669_c0_g1_i7,tig00009256,10270,0.99211295,0.905355404,0.883349562,0.173380892,1.203487719,2L,3.77685E-06,"apolipophorins (LOC101887937), mRNA",
TRINITY_DN10156_c0_g1_i1,tig00003905,416,0.78125,0.682692308,0.682692308,0.469597873,0.685799828,3L,1.6688E-05,RNA binding protein Rsf1 (LOC101893737),
TRINITY_DN6041_c0_g2_i3,tig00001677,2782,0.739036664,0.630122214,0.601725377,0.578842531,0.646479951,3L,1.71147E-05,transmembrane protein 161B (LOC101891468),
TRINITY_DN5023_c0_g1_i2,tig00009683,259,0.667953668,0.555984556,0.745173745,0,0.79411402,3L,1.7341E-05,no significant similarity,
TRINITY_DN17175_c0_g1_i8,tig00008665,2348,0.911413969,0.892674617,0.903321976,0.230270844,1.812166525,X,1.74358E-05,"TP-binding cassette sub-family B member 10, mitochondrial (LOC101895192)",
TRINITY_DN1405_c0_g1_i3,tig00009277,1922,0.917793965,0.711758585,0.905827263,0.073510436,0.9385909,3L,1.76729E-05,zinc finger Y-chromosomal protein (LOC101895120),
TRINITY_DN1779_c0_g1_i8,tig00003382,3308,0.945586457,0.906892382,0.908403869,0.53656614,0.763479523,2R,1.79143E-05,protein lethal(2)denticleless (LOC101890037),
TRINITY_DN4_c1_g1_i1,tig00008920,1437,0.929714683,0.750869868,0.773834377,0.175737584,1.289077301,NALL,4.76407E-05,protein lin-28 homolog (LOC101895444),
TRINITY_DN63126_c0_g1_i1,tig00008922,2057,0.974234322,0.924647545,0.922216821,0.518210425,1.070977728,3L,1.81115E-05,UDP-glucuronic acid decarboxylase 1 (LOC101893871),
TRINITY_DN3253_c2_g1_i1,tig00008497,1528,0.965968586,0.881544503,0.841623037,0.367653825,1.230632169,X,1.83642E-05,protein NipSnap (LOC101893400),
TRINITY_DN19130_c0_g1_i2,tig00008676,2293,0.963366768,0.962494549,0.948102922,0.656657706,0.918865762,3L,1.88204E-05,proton-coupled amino acid transporter-like protein pathetic (LOC101889808),
TRINITY_DN657_c5_g1_i4,tig00003905,2219,0.95944119,0.835962145,0.899504281,0.314638798,0.685799828,3L,1.90906E-05,Cut8 (LOC101897643),
TRINITY_DN11300_c0_g1_i4,tig00002463,1270,0.906299213,0.896062992,0.893700787,1.308882308,0.301915396,2L,1.92519E-05,sorting nexin-21 (LOC101888222),
TRINITY_DN1396_c0_g1_i2,tig00009154,1431,0.832983927,0.774283718,0.77847659,0.401807695,0.795643499,X,1.94189E-05,cyclin-dependent kinase 7 (LOC101899013),
TRINITY_DN2528_c1_g1_i16,tig00005309,4085,0.972337821,0.945654835,0.940758874,0.809503893,1.144744519,NALL,1.96204E-05,transcriptional activator protein Pur-alpha (LOC101890893),
TRINITY_DN234_c1_g1_i12,tig00004645,3454,0.723508975,0.191661841,0.723508975,2.03590243,1.105566801,X,2.00376E-05,nucleolysin TIAR (LOC101895264),
TRINITY_DN1228_c0_g1_i1,tig00003795,772,0.953367876,0.953367876,0.889896373,0.626882534,1.192556894,3L,2.06734E-05,venom dipeptidyl peptidase 4 (LOC101893274),
TRINITY_DN1663_c0_g1_i23,tig00001423,8159,0.98271847,0.95599951,0.968010786,0.268775555,0.890900541,2R,2.09748E-05,transient receptor potential cation channel trpm (LOC101890348),
TRINITY_DN1981_c0_g1_i5,tig00009285,1228,0.693811075,0.693811075,0.71742671,1.259336944,1.559071379,NALL,2.16399E-05,uncharacterized (LOC101891932),
TRINITY_DN1302_c0_g1_i6,tig00009256,2263,0.977463544,0.968183827,0.947856827,0.681823596,1.203487719,2L,2.1959E-05,intracellular protein transport protein USO1 (LOC101889412),
TRINITY_DN1276_c0_g1_i4,tig00009563,7406,0.983256819,0.873075884,0.886848501,0.197989265,0.989949655,2L,3.34223E-06,laminin subunit beta-1 (LOC101887411),
TRINITY_DN1281_c3_g1_i2,tig00001849,3379,0.985794614,0.982835158,0.981355431,0.3313145,1.168900499,3L,2.22901E-05,MOB kinase activator-like 2 (LOC101896528),
TRINITY_DN1317_c0_g1_i2,tig00009285,1739,0.909718229,0.909718229,0.853364002,1.256568948,1.559071379,NALL,2.26813E-05,alpha-protein kinase 1 (LOC101893207),
TRINITY_DN4130_c0_g1_i5,tig00002057,2550,0.974509804,0.972156863,0.875294118,0.01428675,1.887351052,NALL,2.35105E-05,zinc finger protein Noc (LOC101892383),
TRINITY_DN1669_c1_g1_i2,tig00008497,3337,0.976625712,0.851962841,0.903506143,0.599001662,1.230632169,X,2.36534E-05,zinc finger protein 879 (LOC101889702),
TRINITY_DN89_c1_g1_i1,tig00009240,4423,0.987112819,0.799231291,0.822066471,0.277187417,0.85513929,2R,2.37918E-05,putative inorganic phosphate cotransporter (LOC101891295),
TRINITY_DN3746_c0_g1_i4,tig00009683,763,0.785058978,0.707732634,0.707732634,0.686535696,0.79411402,3L,2.39444E-05,uncharacterized (LOC109614144),
TRINITY_DN5837_c0_g1_i2,tig00003743,3143,0.844416163,0.814826599,0.701240853,0.953953463,5.59967366,2L,2.46904E-05,uncharacterized (LOC105262021,
TRINITY_DN1981_c0_g1_i2,tig00009277,1158,0.813471503,0.813471503,0.828151986,0.749815021,0.9385909,3L,2.48274E-05,uncharacterized (LOC101891932),
TRINITY_DN1981_c0_g1_i2,tig00009285,1158,0.813471503,0.813471503,0.828151986,0.749815021,1.559071379,NALL,2.48274E-05,uncharacterized (LOC101891932),
TRINITY_DN7396_c0_g1_i5,tig00005549,496,0.989919355,0.989919355,0.989919355,0.700182978,0.866107041,NALL,2.5028E-05,zinc finger protein 706 (LOC101894705),
TRINITY_DN7396_c0_g1_i5,tig00001942,496,0.989919355,0.989919355,0.989919355,0.700182978,0.972766657,3L,2.5028E-05,zinc finger protein 706 (LOC101894705),
TRINITY_DN610_c0_g1_i6,tig00008665,5460,0.94047619,0.941391941,0.94047619,0.253689138,1.812166525,X,2.51227E-05,calcium/calmodulin-dependent protein kinase type II alpha chain (LOC101888482),
TRINITY_DN2929_c0_g1_i15,tig00004328,2253,0.964491789,0.964047936,0.830892144,1.033707669,1.187375858,X,2.56749E-05,zinc finger protein 28 homolog (LOC101894337),
TRINITY_DN18742_c0_g1_i9,tig00008678,3109,0.984560952,0.931489225,0.870376327,0.702541341,0.603393496,3L,2.56775E-05,RINT1-like protein (LOC101896107),
TRINITY_DN0_c1_g1_i1,tig00009683,722,0.66066482,0.612188366,0.612188366,0.940108689,0.79411402,3L,2.58585E-05,no significant similarity,
TRINITY_DN6813_c0_g1_i3,tig00008703,1412,0.917847025,0.910764873,0.907223796,0.570499618,0.869127427,3R,2.59313E-05,transcription factor SPT20 homolog (LOC101893839),
TRINITY_DN439_c0_g1_i2,tig00003905,3784,0.518498943,0.473044397,0.477008457,0.312993707,0.685799828,3L,2.64894E-05,facilitated trehalose transporter Tret1-2 homolog (LOC101892671),
TRINITY_DN2240_c0_g1_i4,tig00003995,3262,0.946045371,0.944206009,0.938994482,0.592018007,0.670992389,3L,2.64933E-05,coiled-coil domain-containing protein 102A (LOC101892064),
TRINITY_DN570_c1_g1_i8,tig00009044,5135,0.978383642,0.879844206,0.879844206,0.200267848,1.578377602,2L,0.000204689,serine/threonine-protein kinase GL21140 (LOC101899652),
TRINITY_DN3619_c0_g1_i2,tig00005430,1282,0.910296412,0.839313573,0.783931357,0.43857652,1.37466428,NALL,2.79613E-05,gametocyte-specific factor 1 homolog (LOC101890638),
TRINITY_DN3977_c0_g1_i2,tig00009683,1307,0.857689365,0.801071155,0.799540933,0.720974047,0.79411402,3L,2.83956E-05,no significant similarity,
TRINITY_DN14159_c0_g1_i5,tig00009683,669,0.473841555,0.397608371,0.403587444,10.23485775,0.79411402,3L,2.83968E-05,no significant similarity,
TRINITY_DN140_c0_g1_i2,tig00008922,6349,0.935107891,0.86060797,0.870845802,0.473787708,1.070977728,3L,2.89472E-05,bumetanide-sensitive sodium-(potassium)-chloride cotransporter (LOC101888630),
TRINITY_DN445_c0_g1_i4,tig00008723,14537,0.547912224,0.424227832,0.386874871,0.308957601,0.934914757,3L,2.90328E-05,ral guanine nucleotide dissociation stimulator-like 1 (LOC101891529),
TRINITY_DN120_c1_g1_i1,tig00003905,1793,0.8382599,0.711098717,0.770217513,0.091210505,0.685799828,3L,2.91036E-05,clathrin light chain (LOC101897035),
TRINITY_DN2577_c0_g1_i5,tig00004679,1760,0.913068182,0.874431818,0.892613636,0.204924638,0.217280715,NALL,2.22303E-05,annexin B11 (LOC101891799),
TRINITY_DN661_c1_g1_i5,tig00008679,2592,0.989583333,0.967978395,0.968364198,0.118091283,0.449520745,3L,2.96178E-05,iroquois-class homeodomain protein irx-5 (LOC101895069),
TRINITY_DN2163_c0_g1_i9,tig00009697,3571,0.947073649,0.904788575,0.842061047,1.007896836,1.561422779,NALL,2.97073E-05,hippocampus abundant transcript 1 protein (LOC101891354),
TRINITY_DN3502_c3_g1_i3,tig00002736,4006,0.986769845,0.890164753,0.879930105,0.209751554,1.375797625,2L,0.000161003,protein abrupt (LOC101887740),
TRINITY_DN1863_c0_g1_i4,tig00009683,4137,0.96567561,0.862944162,0.839980662,0.351616684,0.79411402,3L,2.97683E-05,probable DNA mismatch repair protein Msh6 (LOC101889577),
TRINITY_DN16501_c0_g1_i2,tig00009705,2140,0.976168224,0.63364486,0.737383178,0.214204381,1.370697868,2L,3.69439E-06,serine/threonine-protein kinase nekl-2 (LOC101889191),new primer needed
TRINITY_DN3612_c0_g2_i9,tig00001693,2811,0.673425827,0.597652081,0.590892921,0.475337039,0.46264795,NALL,3.00911E-05,solute carrier family 25 member 40 (LOC101897082),
TRINITY_DN3612_c0_g2_i9,tig00001689,2811,0.673425827,0.597652081,0.590892921,0.475337039,1.043614595,X,3.00911E-05,solute carrier family 25 member 40 (LOC101897082),
TRINITY_DN1574_c0_g1_i5,tig00003905,2046,0.941837732,0.880254154,0.886608016,0.691662632,0.685799828,3L,3.02019E-05,nonsense-mediated mRNA decay protein 2 (LOC101896208),
TRINITY_DN3743_c0_g1_i3,tig00008497,929,0.969860065,0.742734123,0.770721206,0.705964524,1.230632169,X,3.0432E-05,up-regulated during skeletal muscle growth protein 5 (LOC101900554),
TRINITY_DN7952_c0_g1_i2,tig00008497,2858,0.924772568,0.872638209,0.850944717,0.306900285,1.230632169,X,3.05767E-05,zinc finger protein 154 (LOC101893369),
TRINITY_DN2715_c0_g1_i3,tig00009469,2223,0.864147548,0.668915879,0.597840756,0.59379057,1.588442765,X,3.09018E-05,histone H3.3 (LOC101889501),
TRINITY_DN246_c0_g1_i2,tig00009277,2369,0.74546222,0.727733221,0.744617982,0.497333048,0.9385909,3L,3.10923E-05,"cytochrome c oxidase assembly protein COX11, mitochondrial (LOC101895527)",
TRINITY_DN6144_c0_g1_i5,tig00004521,1111,0.9729973,0.891089109,0.95229523,0.363633456,1.433148678,X,3.12958E-05,protein-L-isoaspartate(D-aspartate) O-methyltransferase (LOC101900759),
TRINITY_DN27525_c0_g2_i3,tig00004352,1864,0.990879828,0.592811159,0.597639485,0.881166432,1.893671696,3L,3.13962E-05,esterase-5B-like (LOC109611609),
TRINITY_DN3421_c0_g1_i4,tig00002647,1976,0.974190283,0.951417004,0.956983806,0.400561168,1.092378347,2R,3.14055E-05,transcription factor Adf-1 (LOC101894147),
TRINITY_DN706_c0_g1_i11,tig00008976,7032,0.964021615,0.721274175,0.671075085,0.4154406,1.00900696,3R,3.17203E-05,uncharacterized (LOC101901513),
TRINITY_DN9429_c0_g1_i2,tig00001361,2322,0.931955211,0.847114556,0.838931955,0.509562229,0.481629261,NALL,3.19266E-05,uncharacterized (LOC101893312),
TRINITY_DN9429_c0_g1_i2,tig00008812,2322,0.931955211,0.847114556,0.838931955,0.509562229,0.903854856,3L,3.19266E-05,uncharacterized (LOC101893312),
TRINITY_DN1061_c1_g2_i4,tig00009710,5464,0.9727306,0.855234261,0.95534407,0.362589121,1.307823519,2L,3.22329E-05,serine/threonine-protein phosphatase 1 regulatory subunit 10 (LOC101895490),
TRINITY_DN1848_c0_g1_i5,tig00003905,2482,0.979452055,0.910556003,0.881144239,0.476990109,0.685799828,3L,3.24018E-05,ADP-dependent glucokinase (LOC101896047),
TRINITY_DN3897_c1_g1_i1,tig00009044,2566,0.987139517,0.836710834,0.857755261,0.215077457,1.578377602,2L,2.71843E-05,bicaudal C (LOC101888541),
TRINITY_DN1474_c0_g1_i1,tig00009074,1451,0.771881461,0.678842178,0.701585114,0.705419419,0.799480713,3R,3.41444E-05,uncharacterized (LOC105262173),
TRINITY_DN6728_c0_g1_i1,tig00003387,2031,0.937469227,0.921221073,0.956179222,0.480232473,1.096282433,2L,3.49415E-05,actin-related protein 2/3 complex subunit 2 (LOC101900479),
TRINITY_DN6326_c0_g1_i1,tig00003713,2264,0.831272085,0.830830389,0.831272085,0.774640794,1.032003771,3L,3.53165E-05,ubiquitin-conjugating enzyme E2-22 kDa (LOC101893080),
TRINITY_DN5225_c0_g1_i5,tig00008922,5106,0.981002742,0.811985899,0.820211516,0.398213785,1.070977728,3L,3.60585E-05,uncharacterized (LOC101897768),
TRINITY_DN3484_c0_g1_i6,tig00009683,1642,0.918392205,0.861753959,0.861753959,0.286535536,0.79411402,3L,3.67958E-05,SPRY domain-containing SOCS box protein 3 (LOC101893931),
TRINITY_DN15_c9_g1_i2,tig00003382,2137,0.980814226,0.97051942,0.969115583,0.270348547,0.763479523,2R,3.7052E-05,putative uncharacterized protein DDB_G0271606 (LOC101900151),
TRINITY_DN5_c41_g1_i1,tig00001513,1921,0.945340968,0.847475273,0.84903696,3.129098691,1.864929361,3L,3.75861E-05,serine/threonine-protein kinase mig-15 (LOC101897554),
TRINITY_DN2353_c0_g1_i13,tig00004856,3385,0.968980798,0.968980798,0.831905465,0.116216036,1.680458533,NALL,3.77191E-05,protein shuttle craft (LOC101887548),
TRINITY_DN1057_c0_g1_i8,tig00009074,2630,0.960456274,0.955893536,0.955893536,0.701169564,0.799480713,3R,3.86713E-05,"pyruvate dehydrogenase E1 component subunit beta, mitochondrial (LOC101901701)",
TRINITY_DN6100_c0_g1_i2,tig00009710,4525,0.965303867,0.877569061,0.886629834,0.217214476,1.307823519,2L,4.58707E-06,putative mediator of RNA polymerase II transcription subunit 26 (LOC101893188),new primer needed
TRINITY_DN4246_c0_g1_i1,tig00008496,657,0.881278539,0.783866058,0.721461187,1.277628713,0.766581339,X,3.95238E-05,no significant similarity,
TRINITY_DN592_c1_g1_i1,tig00008665,2245,0.63518931,0.616926503,0.641870824,0.622641928,1.812166525,X,4.02353E-05,nipped-B protein-like (LOC101888683),
TRINITY_DN8662_c0_g1_i1,tig00002180,289,0.698961938,0.989619377,0.698961938,0.730974802,0.67790594,3L,4.09388E-05,uncharacterized (LOC109611815),
TRINITY_DN3012_c0_g1_i5,tig00008497,1986,0.897280967,0.805135952,0.512084592,0.11141441,1.230632169,X,4.12259E-05,rhytmically expressed gene 2 protein (LOC101900541),
TRINITY_DN6963_c0_g1_i4,tig00002180,3496,0.997139588,0.967105263,0.967963387,0.606277678,0.67790594,3L,4.12522E-05,solute carrier family 35 member C2 (LOC101887364),
TRINITY_DN11_c1_g1_i1,tig00006783,2168,0.862084871,0.344557196,0.344557196,2.391761031,2.182091486,NALL,4.13553E-05,frizzled-like (LOC109614181),
TRINITY_DN610_c0_g1_i14,tig00008665,5084,0.953186467,0.952399685,0.953186467,0.275197359,1.812166525,X,4.14007E-05,calcium/calmodulin-dependent protein kinase type II alpha chain (LOC101888482),
TRINITY_DN7774_c0_g1_i12,tig00008813,4101,0.980980249,0.897098269,0.897098269,0.66545325,1.193371403,3L,4.25844E-05,collagen type IV alpha-3 binding protein (LOC101891112),
TRINITY_DN700_c2_g1_i2,tig00008961,6956,0.994105808,0.931426107,0.930563542,0.483332122,1.20913416,3R,4.32378E-05,RB1-inducible coiled-coil protein 1 (LOC101895146),
TRINITY_DN2077_c0_g1_i4,tig00002626,2211,0.905472637,0.872908186,0.899592944,0.265139421,0.591331037,2R,4.38854E-05,uncharacterized aarF domain-containing protein kinase 5 (LOC101894857),
TRINITY_DN4272_c0_g1_i3,tig00009360,1303,0.97390637,0.919416731,0.926323868,0.308097777,0.669658595,3R,4.48402E-05,methionine-R-sulfoxide reductase B1 (LOC101901709),
TRINITY_DN2767_c1_g1_i8,tig00009645,6672,0.642835731,0.429706235,0.525779376,1.851369969,0.623169767,X,4.48684E-05,"sushi, von Willebrand factor type A, EGF and pentraxin domain-containing protein 1",
TRINITY_DN2513_c0_g1_i2,tig00008679,6706,0.994780793,0.988666865,0.988517745,0.547236755,0.449520745,3L,4.64721E-05,F-box/WD repeat-containing protein 7 (LOC101897494),
TRINITY_DN2617_c0_g1_i3,tig00002647,2899,0.962055881,0.915488099,0.935839945,0.337261776,1.092378347,2R,4.70448E-05,G protein alpha q subunit (LOC101894482),
TRINITY_DN3774_c0_g1_i2,tig00009287,1493,0.891493637,0.775619558,0.858673811,0.087313362,1.100513125,3L,4.72383E-05,uncharacterized (LOC101887953),
TRINITY_DN1806_c2_g1_i10,tig00002647,8585,0.964123471,0.672568433,0.936167734,0.318399211,1.092378347,2R,4.72753E-05,myb-like protein Q (LOC101889582),
TRINITY_DN839_c2_g1_i3,tig00009706,3121,0.970522269,0.856135854,0.818647869,0.899258984,0.934260826,2L,4.7285E-05,nicotinate phosphoribosyltransferase (LOC101898238),
TRINITY_DN1428_c0_g1_i2,tig00009256,3490,0.946991404,0.848997135,0.852148997,0.232516064,1.203487719,2L,6.06225E-05,protein numb (LOC101887688),
TRINITY_DN2316_c0_g1_i6,tig00008977,3623,0.951697488,0.949489373,0.923544024,1.049022493,0.665264945,3R,4.76673E-05,protein krasavietz (LOC101899620),
TRINITY_DN6260_c0_g1_i1,tig00009683,471,0.539278132,0.554140127,0.554140127,1.41617522,0.79411402,3L,4.80028E-05,no significant similarity,
TRINITY_DN6106_c0_g1_i3,tig00003323,2520,0.961111111,0.881349206,0.83531746,0.401780525,0.899993859,2L,4.83421E-05,vacuolar fusion protein MON1 homolog A (LOC101895309),
TRINITY_DN184_c0_g1_i4,tig00008420,2777,0.727043572,0.711559237,0.710478934,0.360515609,0.974819782,3R,4.89096E-05,putative uncharacterized protein DDB_G0271606 (LOC101893928),
TRINITY_DN176_c0_g1_i1,tig00002955,3264,0.983455882,0.947610294,0.944240196,0.23844948,0.610327367,NALL,4.91212E-05,interferon regulatory factor 2-binding protein-like (LOC101890131),
TRINITY_DN2653_c0_g3_i15,tig00001423,6775,0.979630996,0.951291513,0.975940959,0.58570393,0.890900541,2R,4.92275E-05,no significant similarity,
TRINITY_DN2081_c0_g1_i3,tig00003198,3087,0.959507613,0.929705215,0.9494655,0.695570389,0.446461708,NALL,4.96525E-05,uncharacterized (LOC101899365),
TRINITY_DN2081_c0_g1_i3,tig00003200,3087,0.959507613,0.929705215,0.9494655,0.695570389,0.52153156,NALL,4.96525E-05,uncharacterized (LOC101899365),
TRINITY_DN2081_c0_g1_i3,tig00009472,3087,0.959507613,0.929705215,0.9494655,0.695570389,0.731945606,2R,4.96525E-05,uncharacterized (LOC101899365),
TRINITY_DN4733_c0_g1_i5,tig00008922,1900,0.852631579,0.434736842,0.372105263,2.441701572,1.070977728,3L,5.14234E-05,transcription initiation factor IIA subunit 1-like (LOC101894356),
TRINITY_DN4220_c0_g2_i5,tig00009629,1698,0.869257951,0.833333333,0.840400471,0.073791958,1.59503427,3L,5.38563E-05,"tryptophan-tRNA ligase, mitochondrial (LOC101894787)",
TRINITY_DN733_c0_g1_i1,tig00008497,1696,0.88620283,0.881485849,0.817806604,0.426592817,1.230632169,X,5.49799E-05,neuferricin homolog (LOC101900674),
TRINITY_DN374_c0_g1_i2,tig00008497,4183,0.936170213,0.799904375,0.829787234,0.332340732,1.230632169,X,5.53271E-05,protein regulator of cytokinesis 1 (LOC101895060),
TRINITY_DN2071_c0_g1_i2,tig00002185,12775,0.983091977,0.932054795,0.933463796,0.239023141,0.355602299,NALL,1.0282E-07,laminin subunit alpha (LOC101897673),
TRINITY_DN6100_c0_g1_i1,tig00009710,5209,0.960837013,0.868496832,0.87867153,0.249442197,1.307823519,2L,3.07651E-06,putative mediator of RNA polymerase II transcription subunit 26 (LOC101893188),new primer needed
TRINITY_DN2316_c0_g1_i8,tig00008977,3163,0.96522289,0.964590579,0.948466646,0.807755868,0.665264945,3R,5.81414E-05,protein krasavietz (LOC101899620),
TRINITY_DN601_c0_g1_i4,tig00008496,8870,0.900901917,0.882863585,0.898196167,0.285831789,0.766581339,X,5.81424E-05,uncharacterized (LOC101893041),
TRINITY_DN5243_c0_g1_i6,tig00009277,2621,0.962609691,0.828691339,0.843189622,0.120596601,0.9385909,3L,5.86103E-05,phosphatidylinositol 4-phosphate 3-kinase C2 domain-containing subunit beta (LOC101896512),
TRINITY_DN3581_c1_g1_i1,tig00008922,1239,0.93866021,0.796610169,0.828087167,0,1.070977728,3L,5.91388E-05,MIT domain-containing protein 1 (LOC101888539),
TRINITY_DN5814_c0_g1_i10,tig00008497,4216,0.974620493,0.940702087,0.94971537,0.40189876,1.230632169,X,5.95944E-05,protein split ends (LOC101893881),
TRINITY_DN12139_c0_g1_i2,tig00003134,2807,0.922337015,0.747773424,0.778411115,0.754276056,1.286333548,2R,6.04206E-05,facilitated trehalose transporter Tret1-2 homolog (LOC101898182),
TRINITY_DN3564_c0_g1_i10,tig00003840,3003,0.964368964,0.946053946,0.93006993,0.258622618,1.12923501,2L,0.000173026,zinc finger protein BRUTUS-like At1g74770 (LOC101888446),
TRINITY_DN1057_c0_g1_i14,tig00002281,2471,0.971671388,0.959935249,0.959935249,0.169638989,0.954184913,3R,6.09023E-05,"pyruvate dehydrogenase E1 component subunit beta, mitochondrial (LOC101901701)",
TRINITY_DN18965_c0_g1_i1,tig00009716,266,0.616541353,0.72556391,0.981203008,0,0.870386118,3L,6.13478E-05,neurotactin (LOC101888473),
TRINITY_DN1814_c0_g1_i1,tig00003766,2354,0.971112999,0.758708581,0.86873407,0.261109464,0.451436949,NALL,9.25538E-09,serine/threonine-protein phophatase 4 catalytic subunit (LOC101888621),
TRINITY_DN2905_c0_g1_i6,tig00002523,3904,0.989754098,0.958760246,0.971567623,0.338847668,1.127437736,3L,6.2595E-05,enolase-phosphatase E1 (LOC101898340),
TRINITY_DN4805_c0_g1_i11,tig00009277,1081,0.920444033,0.915818686,0.696577243,0.007162647,0.9385909,3L,6.30991E-05,uncharacterized (LOC101892908),
TRINITY_DN6416_c0_g1_i2,tig00008812,1343,0.458674609,0.519731943,0.966492926,0.628066174,0.903854856,3L,6.39046E-05,uncharacterized (LOC101889371),
TRINITY_DN3084_c0_g1_i4,tig00004066,2074,0.680327869,0.515911283,0.522179364,0.086261528,0.102313452,2L,6.47278E-05,no significant similarity,
TRINITY_DN4237_c0_g2_i2,tig00001513,625,0.7696,0.6352,0.6496,1.12160961,1.864929361,3L,6.58E-05,Musca domestica clone MdAG273 microsatellite sequence,
TRINITY_DN6770_c0_g1_i9,tig00001942,1644,0.7986618,0.868004866,0.882603406,0.499596186,0.972766657,3L,6.81073E-05,proteasome subunit beta type-7 (LOC101893986),
TRINITY_DN4716_c0_g1_i22,tig00008802,9178,0.869797341,0.70984964,0.521246459,1.237687118,1.01476286,NALL,6.83891E-05,double-stranded RNA-specific editase Adar (LOC101888568),
TRINITY_DN2533_c0_g1_i1,tig00005572,1664,0.909254808,0.925480769,0.863581731,0.315703722,0.231716807,NALL,2.14674E-14,peptidyl-propyl cis-trans isomerase (LOC101898665),
TRINITY_DN1794_c0_g1_i2,tig00009133,1317,0.914958238,0.914958238,0.696279423,0.317226257,0.026015752,2L,1.07897E-06,uncharacterized (LOC101900565),
TRINITY_DN3066_c0_g1_i1,tig00008723,1466,0.8526603,0.791950887,0.748294679,1.086915271,0.934914757,3L,6.98842E-05,small integral membrane protein 8 (LOC101889998),
TRINITY_DN592_c1_g1_i7,tig00008665,2532,0.508688784,0.52014218,0.514612954,0.364745458,1.812166525,X,7.14104E-05,nipped-B protein-like (LOC101888683),
TRINITY_DN4386_c0_g1_i2,tig00002414,2479,0.865671642,0.854376765,0.865671642,0.625952611,0.208899891,3R,7.27808E-05,uncharacterized (LOC101891597),
TRINITY_DN4386_c0_g1_i2,tig00001616,2479,0.865671642,0.854376765,0.865671642,0.625952611,0.479688095,3R,7.27808E-05,uncharacterized (LOC101891597),
TRINITY_DN4803_c0_g1_i1,tig00004472,2108,0.990037951,0.904648956,0.878083491,0.319313021,0.310464342,NALL,2.76182E-07,CXXC-type zinc finger protein 1 (LOC101893321),
TRINITY_DN1574_c0_g1_i1,tig00003905,1435,0.917073171,0.906620209,0.905923345,0.207117958,0.685799828,3L,7.49024E-05,nonsense-mediated mRNA decay protein 2 (LOC101896208),
TRINITY_DN3421_c0_g1_i2,tig00002647,2941,0.969058143,0.872152329,0.899353961,0.325285898,1.092378347,2R,7.53223E-05,transcription factor Adf-1 (LOC101894147),
TRINITY_DN5932_c0_g1_i1,tig00009658,2286,0.89063867,0.791776028,0.722659668,0.090092145,0.935747522,2L,7.72917E-05,probable tRNA (guanine(26)-N(2))-dimethyltransferase (LOC101899661),
TRINITY_DN4973_c0_g1_i10,tig00008676,4854,0.987639061,0.962093119,0.96538937,0.285655558,0.918865762,3L,7.73872E-05,laminin subunit gamma-1 (LOC101890619),
TRINITY_DN2315_c0_g1_i1,tig00003840,2153,0.946586159,0.944263818,0.944263818,0.719453927,1.12923501,2L,7.86843E-05,serine/arginine-rich splicing factor 7 (LOC101895260),
TRINITY_DN3521_c0_g1_i12,tig00008671,3606,0.952301719,0.930116473,0.93150305,0.501461836,1.099062136,3L,7.86876E-05,NRDE2 homolog (LOC101897132),
TRINITY_DN3521_c0_g1_i12,tig00001557,3606,0.952301719,0.930116473,0.93150305,0.501461836,1.255122143,NALL,7.86876E-05,NRDE2 homolog (LOC101897132),
TRINITY_DN3367_c0_g1_i1,tig00000471,2257,0.859105007,0.8409393,0.78644218,0.339265961,0.294997397,NALL,7.9017E-05,zinc finger protein 829 (LOC101890503),
TRINITY_DN3367_c0_g1_i1,tig00008497,2257,0.859105007,0.8409393,0.78644218,0.339265961,1.230632169,X,7.9017E-05,zinc finger protein 829 (LOC101890503),
TRINITY_DN4206_c0_g1_i7,tig00003840,3772,0.96845175,0.894485684,0.881230117,0.335173331,1.12923501,2L,6.83917E-05,lysophospholipid acyltransferase 7 (LOC101888273),
TRINITY_DN3084_c0_g1_i12,tig00004066,2101,0.702046644,0.509281295,0.512137078,0.101692623,0.102313452,2L,8.19724E-05,no significant similarity,
TRINITY_DN1355_c0_g1_i1,tig00003905,2074,0.951783992,0.809064609,0.862102218,0.369009482,0.685799828,3L,8.30545E-05,probable Ufm1-specific protease 2 (LOC101892202),
TRINITY_DN1333_c0_g1_i2,tig00003042,1875,0.650133333,0.621333333,0.622933333,1.360009223,1.255780181,X,8.34282E-05,palmitoyl-protein thioesterase 1-like (LOC101900161),
TRINITY_DN2905_c0_g1_i8,tig00002523,3648,0.979714912,0.952028509,0.96189693,0.271672208,1.127437736,3L,8.42355E-05,enolase-phosphatase E1 (LOC101898340),
TRINITY_DN5817_c0_g1_i6,tig00009256,790,0.841772152,0.65443038,0.725316456,0,1.203487719,2L,8.45926E-05,uncharacterized (LOC101899886),
TRINITY_DN1481_c0_g1_i3,tig00002576,1971,0.724505327,0.697615424,0.697615424,1.50540623,0.505933474,NALL,8.56791E-05,N-alpha-acetyltransferase 40 (LOC101899623),
TRINITY_DN1481_c0_g1_i3,tig00008697,1971,0.724505327,0.697615424,0.697615424,1.50540623,0.831007821,3R,8.56791E-05,N-alpha-acetyltransferase 40 (LOC101899623),
TRINITY_DN473_c0_g1_i3,tig00002647,2113,0.849503076,0.673450071,0.850922858,0.658623907,1.092378347,2R,8.58179E-05,no significant similarity,
TRINITY_DN4206_c0_g1_i10,tig00003840,3508,0.964937286,0.905929304,0.898802737,0.345089828,1.12923501,2L,6.58539E-06,lysophospholipid acyltransferase 7 (LOC101888273),
TRINITY_DN3150_c1_g1_i8,tig00009474,4917,0.824689852,0.752084604,0.58735001,0.399912056,1.319431669,2R,8.78633E-05,rho GTPase-activating protein gacR-like (LOC101896740),
TRINITY_DN1203_c0_g1_i12,tig00004764,1433,0.814375436,0.808792742,0.749476622,0.874412834,0.426300467,NALL,8.90767E-05,mitochondiral tRNA-specific 2-thiouridylase 1 (LOC101893095),
TRINITY_DN1203_c0_g1_i12,tig00009952,1433,0.814375436,0.808792742,0.749476622,0.874412834,0.722397898,X,8.90767E-05,mitochondiral tRNA-specific 2-thiouridylase 1 (LOC101893095),
TRINITY_DN1684_c0_g1_i6,tig00009708,2927,0.981892723,0.77587974,0.818243936,1.03028412,1.955261972,2L,9.02791E-05,uncharacterized (LOC101900797),
TRINITY_DN593_c0_g1_i4,tig00009790,3634,0.979911943,0.705008255,0.697853605,1.866894118,2.88574054,2L,9.12188E-05,DNA-binding protein RFXANK (LOC101897747),
TRINITY_DN2353_c0_g1_i2,tig00004856,5489,0.960466387,0.960284205,0.839497176,0.100024209,1.680458533,NALL,9.41217E-05,protein shuttle craft (LOC101887548),
TRINITY_DN1138_c0_g1_i7,tig00009360,1708,0.665690867,0.806791569,0.771662763,0.563831629,0.669658595,3R,9.49822E-05,uncharacterized (LOC105262253),
TRINITY_DN1863_c0_g1_i4,tig00003900,4137,0.96567561,0.862944162,0.839980662,0.351616684,0.487455693,NALL,2.97683E-05,probable DNA mismatch repair protein Msh6 (LOC101889577),
TRINITY_DN408_c1_g1_i1,tig00003905,2830,0.881978799,0.871024735,0.752650177,0.376000602,0.685799828,3L,9.60801E-05,protein split ends (LOC101898064),
TRINITY_DN994_c0_g1_i1,tig00008805,1559,0.952533675,0.783194355,0.778704298,0.600786303,1.613867099,NALL,9.65162E-05,dual specificity protein phosphatase 12 (LOC101891797),
TRINITY_DN2058_c0_g1_i1,tig00004406,4615,0.766630553,0.766630553,0.610184182,0.195700513,0.070062381,NALL,9.78074E-05,maternal effect protein oskar (LOC101890691),
TRINITY_DN476_c1_g1_i2,tig00007949,1091,0.80659945,0.77543538,0.778185151,0.718693616,0.711758519,NALL,9.80697E-05,"ATPase inhibitor mai-2, mitochondrial (LOC101890804)",
TRINITY_DN2926_c0_g1_i8,tig00003323,3894,0.95146379,0.888032871,0.891884951,0.352324377,0.899993859,2L,9.60221E-05,transport and Golgi organization protein 1 (LOC101900173),
TRINITY_DN7915_c0_g1_i1,tig00003382,386,0.650259067,0.424870466,0.567357513,3.399250151,0.763479523,2R,9.941E-05,"longitudinals lacking protein, isoforms F/I/K/T (LOC101899414)",
TRINITY_DN4168_c0_g1_i5,tig00009133,2152,0.88197026,0.88197026,0.757434944,0.276844314,0.026015752,2L,0.000100309,uncharacterized (LOC101900917),
TRINITY_DN2577_c0_g1_i6,tig00004679,1760,0.939772727,0.854545455,0.888636364,0.367835133,0.217280715,NALL,2.63544E-06,annexin B11 (LOC101891799),
TRINITY_DN3049_c0_g1_i3,tig00000571,1972,0.962474645,0.94168357,0.854969574,0.372613141,0.183993074,NALL,3.93097E-09,dual specificity mitogen-activated protein kinase kinase 3 (LOC101897152),
TRINITY_DN1296_c0_g1_i3,tig00008420,1990,0.876884422,0.892964824,0.873366834,0.375559235,0.974819782,3R,0.000102854,coiled-coil domain-containing protein 186-like (LOC109613404),
TRINITY_DN12582_c0_g1_i8,tig00008497,1252,0.924121406,0.895367412,0.89057508,0.648820262,1.230632169,X,0.000104851,decapping nuclease DXO homolog (LOC101900539),
TRINITY_DN489_c0_g1_i3,tig00003382,962,0.858627859,0.702702703,0.733887734,1.738004048,0.763479523,2R,0.000105055,"longitudinals lacking protein, isoforms F/I/K/T (LOC101899414)",
TRINITY_DN3518_c0_g2_i6,tig00002755,2280,0.980263158,0.592982456,0.958333333,0.354745277,0.826040599,2R,0.000105949,"SRSF protein kinase 1 (LOC101899337), mRNA",
TRINITY_DN3367_c0_g1_i3,tig00000471,2260,0.865486726,0.809734513,0.787168142,0.447769793,0.294997397,NALL,0.000106379,zinc finger protein 829 (LOC101890503),
TRINITY_DN3367_c0_g1_i3,tig00008497,2260,0.865486726,0.809734513,0.787168142,0.447769793,1.230632169,X,0.000106379,zinc finger protein 829 (LOC101890503),
TRINITY_DN8344_c0_g1_i5,tig00008922,8507,0.991536382,0.672152345,0.831197837,1.257856995,1.070977728,3L,0.000106955,palmitoyltransferase ZDHHC18 (LOC101896635),
TRINITY_DN1162_c0_g1_i4,tig00008812,1951,0.878523834,0.892362891,0.871860584,0.251338423,0.903854856,3L,0.000107048,carbonic anhydrase (LOC101889421),
TRINITY_DN3648_c0_g1_i8,tig00009469,1455,0.913402062,0.704467354,0.725085911,0.265243782,1.588442765,X,0.000107504,probable alpha-aspartyl dipeptidase (LOC101901500),
TRINITY_DN13311_c0_g1_i10,tig00009240,6789,0.981587863,0.97716895,0.981145971,0.654418772,0.85513929,2R,0.000108616,uncharacterized (LOC109612810),
TRINITY_DN106_c0_g1_i2,tig00009154,3992,0.958416834,0.584168337,0.611222445,0.620406495,0.795643499,X,0.000109194,chromodomain-helicase-DNA-binding protein Mi-2 homolog (LOC101901187),
TRINITY_DN2699_c0_g2_i4,tig00009349,2409,0.96762142,0.9626401,0.889580739,0.357083236,0.947465107,X,0.000110244,RILP-like protein homolog (LOC101889560),
TRINITY_DN2668_c0_g1_i2,tig00001677,3678,0.957857531,0.912724307,0.874116368,0.324768682,0.646479951,3L,0.000111321,"isoleucine-tRNA ligase, cytoplasmic (LOC101891755)",
TRINITY_DN1363_c0_g3_i3,tig00001524,2719,0.941522619,0.886355278,0.904376609,0.654738097,1.146359895,3L,0.000113533,SHC-transforming protein 2 (LOC101892485),
TRINITY_DN1783_c0_g1_i10,tig00009391,746,0.975871314,0.975871314,0.78150134,0.77538872,1.220009653,2R,0.000113793,vegetative cell wall protein gp1-like (LOC109614107),
TRINITY_DN2076_c0_g1_i3,tig00003572,1053,0.89648623,0.942070275,0.824311491,0.423613973,0.540947535,NALL,0.000115298,DNA polymerase epsilon subunit 2 (LOC101900186),
TRINITY_DN2076_c0_g1_i3,tig00003382,1053,0.89648623,0.942070275,0.824311491,0.423613973,0.763479523,2R,0.000115298,DNA polymerase epsilon subunit 2 (LOC101900186),
TRINITY_DN3414_c0_g4_i1,tig00008721,408,0.333333333,0.862745098,0.18872549,5.526268286,0.372480466,X,0.000115955,protein tipE-like (LOC101894553),
TRINITY_DN4807_c0_g1_i1,tig00009599,1679,0.899940441,0.804645622,0.652173913,0.002934397,0.553402188,2L,0.000115991,protein insensitive-like (LOC105261981),
TRINITY_DN924_c0_g2_i4,tig00004034,2612,0.911179173,0.707503828,0.719754977,1.870918907,0.667434659,3R,0.000117723,uncharacterized protein DDB_G0292186 (LOC101893604),
TRINITY_DN5318_c0_g1_i2,tig00008497,8877,0.824039653,0.799143855,0.800608314,0.234902334,1.230632169,X,0.000120915,protein split ends (LOC101893260),
TRINITY_DN2094_c0_g2_i3,tig00004361,973,0.682425488,0.682425488,0.641315519,0.016249731,0.776172364,X,0.000120931,INO80 complex subunit C (LOC101900367),
TRINITY_DN478_c0_g1_i6,tig00004253,1267,0.7308603,0.7308603,0.576953433,0.282001173,0.094328387,2L,0.000122158,uncharacterized (LOC101901229),
TRINITY_DN1461_c1_g1_i1,tig00008671,7202,0.89572341,0.728825326,0.728825326,0.387766196,1.099062136,3L,0.000122198,division abnormally delayed protein (LOC101898792),
TRINITY_DN1164_c0_g1_i8,tig00003795,2739,0.921139102,0.788608981,0.788608981,0.358252877,1.192556894,3L,0.000122198,Golgi apparatus membrane protein tvp38 (LOC101893360),
TRINITY_DN8319_c0_g2_i6,tig00004422,4846,0.997317375,0.968221213,0.657449443,2.302003205,7.420861074,2L,0.000122736,uncharacterized (LOC105262314),
TRINITY_DN6907_c0_g2_i2,tig00009683,1668,0.793764988,0.583333333,0.583333333,0.755436641,0.79411402,3L,0.000123438,no significant similarity,
TRINITY_DN6907_c0_g2_i2,tig00003890,1668,0.793764988,0.583333333,0.583333333,0.755436641,0.900421504,NALL,0.000123438,no significant similarity,
TRINITY_DN6664_c0_g1_i8,tig00008497,2381,0.946241075,0.887442251,0.865182696,0.581534619,1.230632169,X,0.000124675,multivesicular body subunit 12A (LOC101899864),
TRINITY_DN13749_c0_g1_i1,tig00009287,284,0.901408451,0.697183099,0.901408451,0.202656536,1.100513125,3L,0.000124693,chromodomain-helicase-DNA-binding protein Mi-2 homolog (LOC101901187),
TRINITY_DN3811_c0_g1_i6,tig00002523,5532,0.98571945,0.977404194,0.977404194,0.490174982,1.127437736,3L,0.000125327,uncharacterized (LOC101893887),
TRINITY_DN3137_c0_g1_i1,tig00002701,523,1,0.7208413,1,0.004481103,0.320814197,2L,0.000126782,no significant similarity,
TRINITY_DN9811_c0_g1_i12,tig00001707,3735,0.981258367,0.981526104,0.977777778,1.486039029,0.790888507,2L,0.000128109,uncharacterized (LOC105261519),
TRINITY_DN21427_c0_g1_i1,tig00003713,320,0.965625,0.965625,0.965625,0.434972523,1.032003771,3L,0.000128945,ensconsin (LOC101899735),
TRINITY_DN33607_c0_g1_i2,tig00008676,1887,0.954425013,0.949125596,0.953895072,0.847111053,0.918865762,3L,0.000129958,peptidyl-propyl cis-trans isomerase D (LOC101893420),
TRINITY_DN404_c0_g1_i14,tig00009182,2086,0.921380633,0.889741131,0.905081496,0.9296027,0.685328169,X,0.000131021,protein FAM192A (LOC101889770),
TRINITY_DN4704_c0_g1_i4,tig00009564,2631,0.963511973,0.864310148,0.753705815,0.421510662,0.768462208,2L,0.000131597,protein psiN (LOC101888778),
TRINITY_DN862_c0_g1_i7,tig00008671,3914,0.696985181,0.643587123,0.643587123,0.733795493,1.099062136,3L,0.000132211,ubiquitin-protein ligase E3B (LOC101897583),
TRINITY_DN2767_c0_g1_i1,tig00001942,3392,0.987912736,0.781544811,0.975235849,0.726274992,0.972766657,3L,0.000134449,"sushi, von Willebrand factor type A, EGF and pentraxin domain-containing protein 1",
TRINITY_DN3273_c0_g1_i7,tig00008695,3759,0.985368449,0.944134078,0.925778132,0.28379517,0.997646073,X,0.000136476,basic proline-rich protein (LOC101901464),
TRINITY_DN11998_c0_g1_i5,tig00008420,2635,0.956356736,0.935863378,0.94345351,0.540445377,0.974819782,3R,0.000137371,uncharacterized (LOC101887463),
TRINITY_DN438_c0_g1_i4,tig00009683,716,0.603351955,0.613128492,0.613128492,0.958238408,0.79411402,3L,0.000138126,no significant similarity,
TRINITY_DN12394_c0_g2_i2,tig00008895,543,0.285451197,0.195211786,0.237569061,0.281026543,0.803894194,3R,0.000144813,Musca domestica clone MdCT370 microsatellite sequence,
TRINITY_DN1839_c0_g1_i9,tig00009256,9946,0.968932234,0.957068168,0.782425096,0.173882818,1.203487719,2L,0.000145779,uncharacterized (LOC101888489),
TRINITY_DN733_c0_g1_i3,tig00008497,1694,0.880755608,0.876033058,0.86540732,0.994742166,1.230632169,X,0.000146972,neuferricin homolog (LOC101900674),
TRINITY_DN49399_c0_g1_i1,tig00004732,1219,0.874487285,0.389663659,0.886792453,0.032206809,0.054475748,2L,0.00014741,no significant similarity,
TRINITY_DN19808_c0_g1_i2,tig00005797,2487,0.989545637,0.988339365,0.989545637,1.007301886,0.727967168,NALL,0.000150086,glycerol-3-phosphate acyltransferase 3 (LOC101898780),
TRINITY_DN8757_c0_g1_i2,tig00008678,1648,0.819781553,0.5625,0.5625,0.566584083,0.603393496,3L,0.000150293,no significant similarity,
TRINITY_DN761_c0_g1_i1,tig00003851,3178,0.949968534,0.795783512,0.795783512,0.385457355,0.721745454,2R,0.000150383,uncharacterized (LOC101901150),
TRINITY_DN5519_c0_g1_i4,tig00004482,1841,0.98044541,0.506789788,0.966322651,0.458378688,1.023292678,NALL,0.000153281,protein cortex (LOC101901823),
TRINITY_DN10081_c0_g1_i2,tig00008679,2099,0.985231062,0.96950929,0.984754645,0.672168872,0.449520745,3L,0.00015886,no significant similarity,
TRINITY_DN10081_c0_g1_i2,tig00001878,2099,0.985231062,0.96950929,0.984754645,0.672168872,0.643601665,NALL,0.00015886,no significant similarity,
TRINITY_DN2564_c2_g1_i3,tig00008497,506,0.851778656,0.869565217,0.725296443,0.288073961,1.230632169,X,0.000159619,nipped-B protein-like (LOC101888683),
TRINITY_DN12910_c0_g1_i3,tig00009349,1548,0.86498708,0.806847545,0.779069767,0.007979897,0.947465107,X,0.000160316,FAD synthase (LOC101901431),
TRINITY_DN7685_c0_g1_i1,tig00004732,1265,0.996047431,0.537549407,0.996047431,0,0.054475748,2L,0.000160992,no significant similarity,
TRINITY_DN1814_c0_g1_i2,tig00003766,1714,0.95915986,0.715869312,0.908984831,0.386039903,0.451436949,NALL,5.28946E-08,serine/threonine-protein phophatase 4 catalytic subunit (LOC101888621),
TRINITY_DN30005_c0_g1_i2,tig00008679,1761,0.95229983,0.866553095,0.855195911,1.070313337,0.449520745,3L,0.000161031,farnesol dehydrogenase (LOC101892484),
TRINITY_DN4102_c1_g1_i2,tig00008436,3821,0.996859461,0.99502748,0.995289191,0.754394119,1.905141025,3R,0.000163211,uncharacterized (LOC105262249),
TRINITY_DN5330_c0_g1_i1,tig00008671,3251,0.962780683,0.912334666,0.916025838,0.153746116,1.099062136,3L,0.000166127,T-box transcription factor TBX6 (LOC101897919),
TRINITY_DN6813_c0_g1_i6,tig00008895,1112,0.954136691,0.962230216,0.967625899,0.665961895,0.803894194,3R,0.000166871,transcription factor SPT20 homolog (LOC101893839),
TRINITY_DN4716_c0_g1_i8,tig00008802,9089,0.86038068,0.700407085,0.509957091,1.232949594,1.01476286,NALL,0.000167651,double-stranded RNA-specific editase Adar (LOC101888568),
TRINITY_DN355_c1_g1_i11,tig00004420,3710,0.733423181,0.714016173,0.511590296,0.487366362,1.163119271,2R,0.000172267,integrator complex subunit 6 homolog (LOC109611987),
TRINITY_DN2533_c0_g1_i2,tig00003766,1271,0.92761605,0.870967742,0.850511408,0.391521852,0.451436949,NALL,1.65179E-05,peptidyl-prolyl cis-trans isomerase (LOC101898665),
TRINITY_DN5043_c0_g1_i7,tig00003914,2056,0.964007782,0.95963035,0.965466926,1.440375763,1.089501584,X,0.000173086,insulin-like growth factor 2 mRNA-binding protein 1 (LOC101887774),
TRINITY_DN6279_c0_g1_i1,tig00009790,3181,0.962904747,0.74473436,0.806978937,0.834594614,2.88574054,2L,0.000173823,protein ref(2)P (LOC101897046),
TRINITY_DN6387_c0_g1_i2,tig00009540,1360,0.663235294,0.831617647,0.805882353,0.084431134,0.960435346,2L,0.000173862,uncharacterized (LOC109611713),
TRINITY_DN6387_c0_g1_i2,tig00003470,1360,0.663235294,0.831617647,0.805882353,0.084431134,1.022715501,NALL,0.000173862,uncharacterized (LOC109611713),
TRINITY_DN7383_c0_g1_i1,tig00004436,1450,0.997241379,0.468275862,0.145517241,0.843485849,1.130240698,3L,0.000174659,ral guanine nucleotide dissociation stimulator-like 1 (LOC101891529),
TRINITY_DN2171_c0_g1_i4,tig00003905,1469,0.860449285,0.830496937,0.822328114,0.325573845,0.685799828,3L,0.000175439,WD repeat-containing protein 92 (LOC101891856),
TRINITY_DN33004_c0_g1_i1,tig00002180,245,0.840816327,0.967346939,0.926530612,0.716126845,0.67790594,3L,0.000175456,uncharacterized (LOC101891216),
TRINITY_DN140_c0_g1_i5,tig00008922,6400,0.91859375,0.8575,0.89875,0.875725457,1.070977728,3L,0.000176891,bumetanide-sensitive sodium-(potassium)-chloride cotransporter (LOC101888630),
TRINITY_DN3637_c0_g1_i2,tig00009693,2800,0.998214286,0.163571429,0.163571429,4.080475098,1.601006353,NALL,0.000177113,no significant similarity,
TRINITY_DN592_c1_g1_i6,tig00008497,2363,0.640710961,0.639864579,0.564113415,0.175652956,1.230632169,X,0.000179162,nipped-B protein-like (LOC101888683),
TRINITY_DN24837_c0_g1_i4,tig00001616,2344,0.758105802,0.721416382,0.758532423,1.554440489,0.479688095,3R,0.00018212,protein deglycase DJ-1 (LOC101899019),
TRINITY_DN1336_c0_g1_i2,tig00009747,2303,0.850629614,0.712114633,0.691272254,0.05425819,1.06158734,X,0.000182135,uncharacterized (LOC101890507),
TRINITY_DN16411_c0_g1_i4,tig00009683,306,0.875816993,0.382352941,0.535947712,0.048656825,0.79411402,3L,0.000187422,no significant similarity,
TRINITY_DN53_c0_g1_i4,tig00008805,2639,0.896172793,0.717317166,0.723380068,1.138754778,1.613867099,NALL,0.000191966,pyridoxal phosphate phosphatase PHOSPHO2 (LOC101891971),
TRINITY_DN1180_c0_g1_i3,tig00008812,1569,0.836838751,0.774378585,0.955385596,0.480060948,0.903854856,3L,0.00019201,uncharacterized (LOC101889195),
TRINITY_DN1213_c0_g1_i11,tig00009276,2765,0.980470163,0.918987342,0.913200723,0.509660959,0.534548557,3L,0.000193863,patatin-like phospholipase domain-containing protein 3 (LOC101901563),
TRINITY_DN1362_c0_g1_i1,tig00009044,1707,0.611599297,0.611599297,0.564147627,0.504195412,1.578377602,2L,0.000193868,homeobox protein 13 (LOC101893198),
TRINITY_DN2721_c0_g1_i2,tig00009815,633,0.709320695,0.63507109,0.66192733,0.764941033,0.573036695,NALL,0.000194787,no significant similarity,
TRINITY_DN1815_c0_g1_i17,tig00004075,1837,0.718562874,0.71257485,0.566140446,0.189955342,1.259141151,X,0.000196689,uncharacterized (LOC101897768),
TRINITY_DN9274_c0_g1_i1,tig00008679,3095,0.990630048,0.932148627,0.960581583,1.268842067,0.449520745,3L,0.000197664,no significant similarity,
TRINITY_DN724_c0_g1_i3,tig00009421,1008,0.729166667,0.674603175,0.674603175,1.384182045,0.558082344,NALL,0.000198465,heat shock protein 67B2-like (LOC101899256),
TRINITY_DN724_c0_g1_i3,tig00009420,1008,0.729166667,0.674603175,0.674603175,1.384182045,0.628951911,NALL,0.000198465,heat shock protein 67B2-like (LOC101899256),
TRINITY_DN724_c0_g1_i3,tig00008895,1008,0.729166667,0.674603175,0.674603175,1.384182045,0.803894194,3R,0.000198465,heat shock protein 67B2-like (LOC101899256),
TRINITY_DN1633_c4_g1_i12,tig00004938,9200,0.989130435,0.951086957,0.937717391,0.408142753,0.669443998,NALL,0.000198603,histone acetyltransferase p300 (LOC101894311),
TRINITY_DN48_c0_g1_i2,tig00005360,2464,0.906655844,0.73538961,0.805600649,1.763504041,1.688830796,NALL,0.000200111,BCL2/adenovirus E1B 19 kDa protein-interacting protein 3 (LOC101887446),
TRINITY_DN35695_c0_g3_i2,tig00004066,594,0.838383838,0.676767677,0.678451178,0.711172188,0.102313452,2L,0.000200629,no significant similarity,
TRINITY_DN1336_c0_g1_i6,tig00009747,2312,0.833044983,0.683391003,0.653979239,0.121617243,1.06158734,X,0.000200642,uncharacterized (LOC101890507),
TRINITY_DN23313_c0_g1_i9,tig00008497,1589,0.920704846,0.802391441,0.802391441,1.140198378,1.230632169,X,0.00020263,uncharacterized (LOC105261993),
TRINITY_DN8330_c0_g1_i1,tig00009613,1052,0.994296578,0.984790875,0.631178707,1.269997812,0.255557217,2L,0.000202666,no significant similarity,
TRINITY_DN611_c0_g1_i3,tig00003743,4909,0.953147281,0.661641882,0.798940721,0.645720907,5.59967366,2L,0.000202684,murinoglobulin-2 (LOC101889838),
TRINITY_DN311_c0_g1_i2,tig00008814,2265,0.748785872,0.700662252,0.361589404,1.363157483,0.907761108,3L,0.000203654,uncharacterized (LOC101894078),
TRINITY_DN554_c0_g1_i3,tig00004794,2184,0.944139194,0.830586081,0.94047619,0.398153146,0.905441947,3L,0.000204669,coiled-coil domain-containing protein 186 (LOC10188129),
TRINITY_DN1176_c0_g1_i3,tig00001348,3127,0.927726255,0.807483211,0.711864407,0.398547632,1.245986087,NALL,3.89398E-08,nuclear migration protein nudC (LOC101898656),
TRINITY_DN2246_c1_g1_i4,tig00008813,2815,0.984369449,0.98401421,0.984369449,0.553092464,1.193371403,3L,0.000205259,ras-like protein 3 (LOC101892158),
TRINITY_DN6640_c0_g1_i1,tig00009815,664,0.385542169,0.621987952,0.621987952,1.29805565,0.573036695,NALL,0.000205669,no significant similarity,
TRINITY_DN7336_c0_g1_i4,tig00002463,1345,0.934572491,0.76133829,0.787360595,0.749308775,0.301915396,2L,0.000206753,transforming growth factor beta regulator 1 (LOC101897509),